city,state,latitude,longitude,hour,day_of_week,month,temperature,humidity,wind_speed,visibility,precipitation,pressure,traffic_density,road_type_highway,road_type_arterial,road_type_collector,road_type_local,weather_condition_numeric,population_density,seismic_zone,seismic_zone_risk,coastal,earthquake_risk,tsunami_risk,risk_level,severity_level
Mumbai,Maharashtra,19.098287794424202,72.94923525004037,9,2,12,38.49603464722775,55.181978711450085,6.350608332829976,18.63308759514774,2.27184414042296,1003.3858952582636,0.7288996724087229,0,1,0,0,0,20000.0,3,0.6,1,0.2,0.0,1,1
Mumbai,Maharashtra,19.11481589353987,72.95817556459154,3,0,4,23.68073963607738,62.34365440197952,4.542709403606441,1.782528397116475,0.03463760361554426,1015.9015693941628,0.7850799939737868,0,0,1,0,2,20000.0,3,0.6,1,0.2,0.0,3,3
Mumbai,Maharashtra,19.034783740707166,72.81072865896985,20,6,6,22.800865424177083,60.917964267228804,6.963634345813304,10.4731205443712,0.4452614062928062,1011.6830743006296,0.6811737672982314,1,0,0,0,2,20000.0,3,0.6,1,0.2,0.0,1,1
Mumbai,Maharashtra,19.103046786689212,72.84553714144563,15,5,7,28.81653381773256,80.57083223847229,6.630198824150027,16.957696725089995,2.352714623032394,1010.2057304019232,0.9430155516832985,0,1,0,0,0,20000.0,3,0.6,1,0.2,0.0,2,2
Mumbai,Maharashtra,19.044539883355906,72.81306546926163,12,2,2,27.780604364587035,43.485369858476965,10.559195315396753,2.6881029817387194,1.0890240675693585,999.9479740501093,0.7639147464655287,0,0,1,0,1,20000.0,3,0.6,1,0.2,0.0,1,0
Mumbai,Maharashtra,19.023866595845305,72.79863495398385,22,0,9,31.341052724262276,86.17653500950453,2.7129678806581623,2.674872288135302,1.5516848021254046,1006.1547999574144,0.8577356596762742,0,0,1,0,1,20000.0,3,0.6,1,0.2,0.0,2,2
Mumbai,Maharashtra,19.07558547950344,72.79706260014167,5,6,6,36.28316485515958,74.53696628072473,1.9770110329797883,5.668892022846446,1.0693333302887857,997.7675365118735,0.9627990042821479,0,0,1,0,1,20000.0,3,0.6,1,0.2,0.0,3,3
Mumbai,Maharashtra,19.141614165129322,72.89901005679722,18,3,3,24.140155967676563,77.44568397924228,23.013434092401628,5.030856426708117,0.3475787026179022,1010.0057872073909,0.8151660203987682,0,1,0,0,0,20000.0,3,0.6,1,0.2,0.0,1,0
Mumbai,Maharashtra,19.013580380310927,72.8131476221876,21,5,9,39.91707581575682,44.215339384332054,1.4780289217803437,17.642576596164513,2.3437929396988797,1023.8174029483838,0.497829367388552,0,1,0,0,0,20000.0,3,0.6,1,0.2,0.0,1,1
Mumbai,Maharashtra,19.04904316682744,72.78165764271954,3,5,11,39.2146679176675,85.37654044129062,12.497742146654026,18.385051533230076,0.38770645341223225,1001.0734961330257,0.6934565861175406,0,0,0,1,0,20000.0,3,0.6,1,0.2,0.0,1,1
Mumbai,Maharashtra,19.08522238045802,72.80892376179428,22,3,12,25.82500697146355,43.33746225569863,6.974339408143026,15.128138854017937,0.9240019036356497,998.1861519668483,0.6297886105628822,0,0,0,1,2,20000.0,3,0.6,1,0.2,0.0,2,2
Mumbai,Maharashtra,19.106480658619255,72.79759465248387,23,0,8,34.58827864434764,50.541544372266884,6.2722792405582535,8.11289895325859,0.07859931011374065,1037.5095657328063,0.6007611724300429,0,1,0,0,3,20000.0,3,0.6,1,0.2,0.0,2,1
Mumbai,Maharashtra,19.035422831495023,72.94361464863077,2,1,3,37.36277891441216,85.06758586007444,6.093445251858041,15.98342179003739,0.3287146984446436,1018.599311761189,0.6552580241365058,0,1,0,0,1,20000.0,3,0.6,1,0.2,0.0,1,1
Mumbai,Maharashtra,19.112308514656874,72.96624215898188,7,1,10,36.82646709103533,44.21099880138068,1.7975200169493735,16.66779498407041,0.4522105640702371,1026.0992934345486,0.8378368981104476,0,0,0,1,0,20000.0,3,0.6,1,0.2,0.0,1,1
Mumbai,Maharashtra,19.014790907970962,72.82168338930921,6,3,9,30.319815336019854,46.71266511255923,51.5397912087501,3.21002012832441,0.44581059131022177,994.8629715072763,0.6821060241578569,0,0,1,0,1,20000.0,3,0.6,1,0.2,0.0,1,1
Mumbai,Maharashtra,19.124634387888168,72.9265242920558,7,3,11,21.926625283271377,63.9985751835413,1.5233149838146067,13.946841236382685,0.8934933407442466,1009.515100774015,0.8228849996955352,0,1,0,0,0,20000.0,3,0.6,1,0.2,0.0,1,1
Mumbai,Maharashtra,18.99931244852664,72.78720637068342,1,4,5,27.642700051880844,82.65297746116627,0.08193272900214639,12.187633976129929,0.206721597467887,1015.6025178918567,0.5855271036087191,0,1,0,0,1,20000.0,3,0.6,1,0.2,0.0,1,2
Mumbai,Maharashtra,19.045446990407537,72.84650207585241,17,2,6,16.792715190509735,59.477128482773715,0.8131608220268782,7.9823359630380075,2.145507411804537,996.1445065866143,0.7766993889978514,0,0,0,1,0,20000.0,3,0.6,1,0.2,0.0,2,2
Mumbai,Maharashtra,19.066577758995813,72.91068811196507,2,3,10,18.66566654103601,47.94991324206734,5.90516130279032,11.459542484755348,0.10443959045882256,1009.284752866759,0.774960664415351,0,1,0,0,0,20000.0,3,0.6,1,0.2,0.0,2,2
Mumbai,Maharashtra,19.117079702602098,72.96918748832297,18,6,11,23.112976582089246,64.07098779461742,0.10055290564924618,2.3585967208627086,1.3684999527975474,1012.5688836567962,0.6957422926157629,0,0,1,0,5,20000.0,3,0.6,1,0.2,0.0,1,1
Mumbai,Maharashtra,19.093213950411744,72.96320473171608,22,4,4,17.562142515490958,52.541327227286715,10.016700686496753,19.36079390539883,1.1205022192283007,1001.7267148776721,0.8091716271713864,0,0,1,0,1,20000.0,3,0.6,1,0.2,0.0,2,3
Mumbai,Maharashtra,19.16913583519434,72.82933864062356,15,3,3,28.094279692000242,69.13885460443673,9.646370626475507,19.778299513210484,0.32130095920015483,978.4622997216029,0.9689674509585098,0,0,1,0,1,20000.0,3,0.6,1,0.2,0.0,1,0
Mumbai,Maharashtra,19.148023054558124,72.92150898309522,17,6,7,24.725515361603517,89.82941474188252,11.891539907147648,19.59283049277863,1.71402722102747,1007.2916623420882,0.8838422681265273,1,0,0,0,1,20000.0,3,0.6,1,0.2,0.0,2,2
Mumbai,Maharashtra,19.018520120701965,72.79353374299691,23,0,7,28.81503536957575,63.226079208407626,3.757478748947795,8.505385532397558,2.6651121724479543,1010.1864325442449,0.7468004810607284,0,1,0,0,3,20000.0,3,0.6,1,0.2,0.0,3,2
Mumbai,Maharashtra,19.048659880887726,72.82266361314828,9,6,11,35.68583879476037,59.60503565503421,8.111445804341045,8.449307172095065,0.2270696980339036,1010.460622156557,0.7445608442286813,0,0,0,1,2,20000.0,3,0.6,1,0.2,0.0,2,1
Mumbai,Maharashtra,19.175428136649586,72.9361768273763,0,1,8,39.56482866492632,41.94943068936435,1.0455383635382576,13.389224768424901,2.0090070999890197,1016.8794284827757,0.7253521158002484,0,1,0,0,1,20000.0,3,0.6,1,0.2,0.0,2,1
Mumbai,Maharashtra,19.1623337262534,72.788339221372,3,0,11,20.075564245882816,44.240244682342414,5.845772892354988,11.735199536054477,0.22479041223649604,1015.6327175443614,0.3446308817618707,0,0,0,1,1,20000.0,3,0.6,1,0.2,0.0,1,1
Mumbai,Maharashtra,19.09374274192578,72.97608298826734,13,2,10,26.880881587239358,48.45511893226591,25.166702158523204,9.528085791809511,0.1984345023154433,1011.7761514147057,0.7065632771147323,0,1,0,0,1,20000.0,3,0.6,1,0.2,0.0,1,0
Mumbai,Maharashtra,19.172197484117724,72.8959199479231,22,4,6,34.30467993580231,47.819598466941635,3.8344147701006017,19.050474630720046,1.3278594812678102,999.8981963448297,0.9196998828299178,0,1,0,0,1,20000.0,3,0.6,1,0.2,0.0,2,1
Mumbai,Maharashtra,19.087632859253784,72.85928870577413,20,6,4,25.041437474989895,78.20175962447922,1.5482394611810664,7.349349342470964,0.6033294690640125,1017.2361970134889,0.9822113034662173,1,0,0,0,0,20000.0,3,0.6,1,0.2,0.0,2,1
Mumbai,Maharashtra,18.99869577134587,72.78567893813822,0,2,4,29.804889337417787,79.03640441782346,21.808273459153305,16.458490109035278,1.3636173702081038,1021.5079167863997,0.4251369642479787,0,0,1,0,5,20000.0,3,0.6,1,0.2,0.0,1,1
Mumbai,Maharashtra,19.124309095151713,72.9537359243352,16,6,12,26.042371794556853,72.02541293845948,1.7868503255852761,1.8765804340218004,1.1579593015700198,1025.88729016563,0.5790390673441621,0,1,0,0,2,20000.0,3,0.6,1,0.2,0.0,2,1
Mumbai,Maharashtra,19.125214548068538,72.8749668639296,14,5,9,32.48088327195734,87.57409979819961,8.759966091662509,19.491418747778994,0.16102932985566362,1004.2558037194639,0.5821427086889779,1,0,0,0,2,20000.0,3,0.6,1,0.2,0.0,1,1
Mumbai,Maharashtra,19.01509737567576,72.82798364095558,9,2,4,30.924235627235376,82.50985566064816,2.8024801572412468,3.0919200715982935,0.24648403985754438,1002.39675353979,0.47173023191639984,1,0,0,0,0,20000.0,3,0.6,1,0.2,0.0,0,1
Mumbai,Maharashtra,19.12577705561527,72.84125522638064,16,3,11,34.857365365938655,65.8418820172438,1.129535875723107,17.2120754462496,0.095358095647551,1028.2007652192124,0.9148716405024614,0,1,0,0,0,20000.0,3,0.6,1,0.2,0.0,1,1
Mumbai,Maharashtra,19.062906484539536,72.94047955282672,5,0,4,18.245449977814342,52.402755673786785,3.9009724523046225,2.8904065747086003,0.016855940848764482,1000.3494480261297,0.6725705269758536,0,0,0,1,2,20000.0,3,0.6,1,0.2,0.0,2,1
Mumbai,Maharashtra,19.04607345203066,72.94408360317755,6,1,10,31.50346914201327,58.862962735643706,3.7354353677853283,2.6480105864109733,0.07512781513540395,1006.5848725598753,0.8923504172455174,0,0,1,0,1,20000.0,3,0.6,1,0.2,0.0,2,1
Mumbai,Maharashtra,19.10444959881721,72.82511727907095,4,3,2,45.381307051447536,41.46313510871512,54.53828502249044,10.500268022878894,0.722315427131466,1008.4169145197361,0.5789437690574218,0,0,1,0,1,20000.0,3,0.6,1,0.2,0.0,1,0
Mumbai,Maharashtra,19.110369732662008,72.84727880999732,0,3,2,15.115673385996088,43.44569099734032,3.849580195317495,12.588255342689434,0.09295569084762778,1036.774048374237,0.5746712725537896,1,0,0,0,1,20000.0,3,0.6,1,0.2,0.0,1,0
Mumbai,Maharashtra,19.034561404255935,72.93009663435629,8,4,1,29.431680715145802,53.55421457188257,1.7696214062197557,6.638619197497617,0.8435138193685722,1016.2465213564444,0.6487433764330477,0,1,0,0,0,20000.0,3,0.6,1,0.2,0.0,0,0
Mumbai,Maharashtra,19.1718332167984,72.85149510678757,22,1,10,32.47470080932584,70.12286229586694,2.664667568809161,17.986645792008936,0.36710112754515567,1014.0595451698832,0.7257218883735594,0,1,0,0,0,20000.0,3,0.6,1,0.2,0.0,2,2
Mumbai,Maharashtra,19.093555151736535,72.89759855337999,20,4,3,15.506615299849623,53.55416971969508,6.2862426315283635,18.867556645364104,0.8684364017117759,1022.5729087239152,0.8145348725408388,0,0,1,0,0,20000.0,3,0.6,1,0.2,0.0,1,1
Mumbai,Maharashtra,19.00635244541335,72.81852349277952,19,1,2,17.681298203150433,68.84578493489957,1.347932880309144,8.504437986486504,0.09314660346798263,1028.320663387424,0.7723351883388576,1,0,0,0,2,20000.0,3,0.6,1,0.2,0.0,2,2
Mumbai,Maharashtra,19.111440771125626,72.88653576352698,4,0,10,25.261916981310353,70.05005615408541,10.70652208602257,15.018582010664812,0.6158193956344258,1006.9078549543306,0.5442364033230592,0,1,0,0,1,20000.0,3,0.6,1,0.2,0.0,1,1
Mumbai,Maharashtra,19.037804426934166,72.83230385960148,22,4,3,17.64581880190088,45.87968828447408,14.191733454756806,15.386725144680963,0.6107100083833991,1039.2164063785006,0.7722089461411489,0,0,1,0,4,20000.0,3,0.6,1,0.2,0.0,2,2
Mumbai,Maharashtra,19.019822478371033,72.81565551102241,21,4,3,35.869957212995466,48.07175128119728,1.9257777334619472,15.139195539583948,0.49126396913911463,1004.7826564202635,0.713912737888705,0,0,1,0,3,20000.0,3,0.6,1,0.2,0.0,2,1
Mumbai,Maharashtra,18.992619774637262,72.97679680517021,17,1,12,26.886726568527425,81.65176580174165,6.2306797147739506,3.466135438101332,0.6096253396147021,1000.4822174208995,0.9329601755316074,0,0,1,0,4,20000.0,3,0.6,1,0.2,0.0,1,1
Mumbai,Maharashtra,18.986095581316434,72.85308023218478,11,1,7,24.754673934506506,73.34430728852963,9.856187548362044,10.31469606248339,0.5752430910602789,995.0902471073886,0.7990959369152983,0,0,1,0,1,20000.0,3,0.6,1,0.2,0.0,1,1
Mumbai,Maharashtra,19.086222868841215,72.95102579139512,2,3,12,36.21267389851455,60.35331653264875,12.928597115272362,13.720434595961734,0.10266735746382209,995.5589380933019,0.7601470874192904,1,0,0,0,5,20000.0,3,0.6,1,0.2,0.0,3,2
Mumbai,Maharashtra,19.055248415198868,72.81242757693236,6,4,3,27.93611947459228,74.25540506453063,0.8577313810967525,14.836135626729632,0.017474730305773237,1027.6145307652534,0.6487731511277227,0,0,1,0,1,20000.0,3,0.6,1,0.2,0.0,1,1
Mumbai,Maharashtra,19.132026082493315,72.78417321915862,23,3,1,28.153710076032418,71.47859439196445,4.74910510333184,14.381275922105456,0.06905537819598312,1020.0886897455313,0.8609095207678845,0,0,1,0,0,20000.0,3,0.6,1,0.2,0.0,2,2
Mumbai,Maharashtra,19.14259562073897,72.94824793525889,12,2,11,42.46661370683761,58.91466555311813,6.09199952864771,14.377138729304098,0.027962760095538126,1002.8556960760118,0.22885613771274335,0,0,1,0,0,20000.0,3,0.6,1,0.2,0.0,0,0
Mumbai,Maharashtra,18.98950718831925,72.9329340840518,10,6,10,25.667226774779067,79.50101222167056,23.757434298487162,3.9949776839640627,1.3246698386323785,1006.3856240773133,0.43069061189126706,0,0,1,0,1,20000.0,3,0.6,1,0.2,0.0,1,0
Mumbai,Maharashtra,19.060161432733914,72.82881787183013,7,0,6,22.16063771611013,49.414183911897396,3.265562018966273,6.603697808811616,0.7315395809334516,1033.1230500783367,0.8067191706757331,0,0,1,0,5,20000.0,3,0.6,1,0.2,0.0,2,2
Mumbai,Maharashtra,19.100192644187686,72.87454235204827,0,6,8,31.06919792700076,80.88521381809738,7.934098500859915,17.56772292890359,4.214858878378919,1024.0066388108205,0.7374069956576765,0,1,0,0,3,20000.0,3,0.6,1,0.2,0.0,3,3
Mumbai,Maharashtra,19.04647273017469,72.85556069751242,6,2,7,30.614147672523558,76.73043262363439,1.417109805376603,16.132276163017657,0.7129628529692854,1006.4822334121963,0.5713084377403329,0,1,0,0,1,20000.0,3,0.6,1,0.2,0.0,0,0
Mumbai,Maharashtra,18.99699092365754,72.94458368228794,20,5,10,23.591036250059013,68.71171388016757,1.1503163704225863,14.794796001679666,0.48988966757113606,1017.1048991381067,0.5796949299873599,0,1,0,0,2,20000.0,3,0.6,1,0.2,0.0,2,2
Mumbai,Maharashtra,19.050511169756913,72.93051515432276,5,6,1,21.279407746989094,87.49371336176313,10.942046389044545,12.138055042152635,0.40338839921249875,1019.4047096488756,0.5775027635088683,0,1,0,0,4,20000.0,3,0.6,1,0.2,0.0,2,2
Mumbai,Maharashtra,19.147162372583992,72.94220854177225,23,2,11,37.034721346269464,64.00708428667383,1.2973425357571022,7.125727343325453,0.02407198277274606,1015.6226296165464,0.4026739342951586,0,0,1,0,0,20000.0,3,0.6,1,0.2,0.0,1,1
Mumbai,Maharashtra,18.977583287853147,72.88196529034408,16,6,12,32.5736331406785,49.79875556255262,7.506549449602438,12.125539176140542,0.12958099950242286,1004.6632586633732,0.7739797879518838,0,0,1,0,1,20000.0,3,0.6,1,0.2,0.0,2,1
Mumbai,Maharashtra,19.043402676442412,72.82055381281083,16,1,9,12.876794949275503,87.70611335225553,13.28220093843684,8.189636942340812,4.138578779964761,1011.6076310366649,0.8361230836373292,0,0,0,1,2,20000.0,3,0.6,1,0.2,0.0,2,2
Mumbai,Maharashtra,19.175784227809213,72.89725987362753,15,0,6,30.4770701407157,40.85714253601002,0.28939422656929975,11.58140636544655,1.8838692879130277,1030.75039847167,0.871525048178642,0,1,0,0,0,20000.0,3,0.6,1,0.2,0.0,1,2
Mumbai,Maharashtra,19.00431942499814,72.85742757821836,11,5,4,35.48997425383543,45.150328190810825,7.621104043294698,4.065600965718101,1.7980097056502164,979.2885405389011,0.9490328012112426,0,1,0,0,5,20000.0,3,0.6,1,0.2,0.0,2,2
Mumbai,Maharashtra,19.141000412077624,72.92225279454769,21,1,3,15.733196468546046,53.47080905691151,13.130260152423261,12.8490694340458,0.01755424447722982,996.742155263434,0.6958673308356517,0,1,0,0,1,20000.0,3,0.6,1,0.2,0.0,1,1
Mumbai,Maharashtra,19.043809134763087,72.88424487693655,23,5,9,17.45734873542918,84.56319825114286,1.4261859574512998,19.890981501376505,2.067133913521504,1009.9100339276144,0.9221034195678204,0,0,0,1,1,20000.0,3,0.6,1,0.2,0.0,3,3
Mumbai,Maharashtra,19.06913483275688,72.83156483460124,20,3,10,32.06099534618116,82.28302327853355,2.0314645625196612,15.77934574876385,1.810513589176723,1008.8597750420394,0.630005250917443,0,0,0,1,0,20000.0,3,0.6,1,0.2,0.0,0,0
Mumbai,Maharashtra,19.112873933417514,72.92679885762874,3,3,4,12.07421971254936,62.84565282740505,5.141154253883809,14.061485589485654,0.8251577143016238,1033.235750924917,0.2943106010343839,0,0,1,0,0,20000.0,3,0.6,1,0.2,0.0,1,0
Mumbai,Maharashtra,19.104847266351356,72.88919580995247,20,5,2,28.816801820236,51.84862043951156,5.476838843011244,18.07010901967635,0.20838054099446182,1018.3456253651818,0.7143299279652976,0,0,1,0,0,20000.0,3,0.6,1,0.2,0.0,2,1
Mumbai,Maharashtra,19.135396948879414,72.91664388157108,4,4,5,46.82833862866569,82.64564796867901,0.11830133289176496,9.688117828651992,0.4064138488360252,997.1962240459595,0.7727059388123818,0,1,0,0,1,20000.0,3,0.6,1,0.2,0.0,1,1
Mumbai,Maharashtra,19.166091772475358,72.95795800351023,23,6,11,23.562391935028494,49.29833650045927,0.5013231029350713,8.054615465319856,0.42857069628536054,1023.3514292482857,0.6630093226197562,1,0,0,0,0,20000.0,3,0.6,1,0.2,0.0,1,2
Mumbai,Maharashtra,19.03625875646718,72.86252616207308,8,6,6,19.886193995722675,44.476257165852665,16.80476306550297,18.52738826690634,3.332398190165939,1017.8683963450349,0.4078631757689513,0,1,0,0,2,20000.0,3,0.6,1,0.2,0.0,2,2
Mumbai,Maharashtra,18.99917439273946,72.83891784104227,4,0,10,28.551050058220355,60.524973925084524,12.62566265168795,14.822687508612038,0.22585572308394836,1006.1496586217698,0.9044160124926147,0,0,1,0,0,20000.0,3,0.6,1,0.2,0.0,2,2
Mumbai,Maharashtra,19.090074852272963,72.8753563493538,0,4,3,24.629368577409284,55.64385863665238,3.6038152163726056,8.023322996431444,0.2755950688777449,991.9379020051028,0.8781486687560904,0,0,0,1,1,20000.0,3,0.6,1,0.2,0.0,2,2
Mumbai,Maharashtra,19.1101474395561,72.89838998765745,14,6,10,23.363497841019235,51.314322670314354,0.1562745217164807,11.947642284781853,0.17479232518325208,1015.7858608816954,0.17168139031209684,1,0,0,0,2,20000.0,3,0.6,1,0.2,0.0,2,1
Mumbai,Maharashtra,19.04255798365116,72.92747268427718,13,6,7,20.72966086397527,82.25419558715497,14.335717236122987,14.089021721774285,0.46947323599319524,1001.2133010588499,0.43944756733814827,0,0,0,1,0,20000.0,3,0.6,1,0.2,0.0,1,1
Mumbai,Maharashtra,18.999125836750167,72.81732570891974,19,0,9,16.998127322236655,61.672274591363305,11.903150651656384,2.1048159341101518,1.8941421810204928,987.0021639926697,0.5906792967748775,0,0,0,1,1,20000.0,3,0.6,1,0.2,0.0,0,0
Mumbai,Maharashtra,19.00198019683548,72.83181603270806,1,0,6,37.98190446773297,50.81911551655803,8.737536882675084,8.891444174759787,0.9324903219200839,1034.249177097786,0.8720717700491053,0,0,1,0,0,20000.0,3,0.6,1,0.2,0.0,2,2
Mumbai,Maharashtra,19.105083517244775,72.834570012674,8,3,8,40.00332614426228,61.492297301849284,1.7136899025702501,19.28819587946499,0.14127581991889263,1010.9413085118795,0.8260687825951785,1,0,0,0,4,20000.0,3,0.6,1,0.2,0.0,2,2
Mumbai,Maharashtra,19.07018948817964,72.97425264316597,8,2,7,30.441143610011096,68.03591551409345,3.2969182683663627,8.098971216047856,0.7279888109801622,1022.6927553839591,0.48401284033283365,0,0,1,0,1,20000.0,3,0.6,1,0.2,0.0,0,0
Mumbai,Maharashtra,19.001047736380247,72.84923715622638,2,1,6,39.06445567375356,84.58901928669545,8.924328446253035,11.658211012900171,3.718490104068879,1001.0355665257792,0.811032960495828,1,0,0,0,3,20000.0,3,0.6,1,0.2,0.0,1,2
Mumbai,Maharashtra,19.082322002718456,72.9720451768402,22,3,1,30.00201143320433,69.51754585098958,21.820642706846286,9.413914028133965,0.07928003073499539,1027.196281593158,0.7298061975263804,0,1,0,0,4,20000.0,3,0.6,1,0.2,0.0,3,3
Mumbai,Maharashtra,19.07572213816744,72.78201913341879,0,6,7,34.96812469439393,42.57177282902052,0.2935103523132516,7.144267989817263,15.459351752671328,1020.0536149993607,0.7429438716265151,0,0,0,1,1,20000.0,3,0.6,1,0.2,0.0,2,2
Mumbai,Maharashtra,19.091931474667284,72.84160295489885,16,2,6,21.758902347990105,89.46478354214047,6.307195237153691,7.925560845246267,2.1274034969669637,1022.9562951107416,0.7056403806348593,1,0,0,0,0,20000.0,3,0.6,1,0.2,0.0,1,1
Mumbai,Maharashtra,19.02358196023094,72.8352365563982,6,1,4,21.01199188386267,70.03711540724024,0.635086560735008,7.130838966944007,0.26898472595373824,1014.6109787291151,0.933637697048629,0,0,0,1,0,20000.0,3,0.6,1,0.2,0.0,1,0
Mumbai,Maharashtra,19.034194789761113,72.92286848433525,10,5,4,25.741751688504554,76.73327582352812,0.5610901423628396,11.795539733765684,0.2158816163285985,1004.8906671577055,0.7325836342393489,0,1,0,0,0,20000.0,3,0.6,1,0.2,0.0,2,2
Mumbai,Maharashtra,19.084286095448103,72.93074210632923,21,2,4,20.75438388432709,61.81428150064984,1.3718229614630817,18.265696378119006,0.4683025329550683,1025.8513293683584,0.4742434335805235,1,0,0,0,5,20000.0,3,0.6,1,0.2,0.0,1,2
Mumbai,Maharashtra,18.986867298744876,72.87260670004123,8,5,12,25.055297572530787,43.70235925204753,6.6053164086102605,5.430543477081986,0.03431425415916443,1010.349114758692,0.870022846542734,0,0,0,1,0,20000.0,3,0.6,1,0.2,0.0,2,2
Mumbai,Maharashtra,18.992066646022288,72.9083129580732,23,4,6,24.953614315422964,55.77142432998902,2.040238603628885,15.27306304422712,1.645275977259991,1002.8107759516323,0.5318870773332648,0,0,1,0,1,20000.0,3,0.6,1,0.2,0.0,1,2
Mumbai,Maharashtra,19.09425246652307,72.88023693847796,0,5,7,35.48707416277077,78.70199146726719,7.857253947471765,9.38807945878379,1.3418847412585164,1017.6439615700508,0.5853503788586928,1,0,0,0,1,20000.0,3,0.6,1,0.2,0.0,2,1
Mumbai,Maharashtra,18.998801892575294,72.80440741363381,5,2,3,42.68078396443441,71.32171813715175,3.1230209787908505,11.296320389077213,0.34626675868950446,1010.124733411576,0.7457457992986499,1,0,0,0,2,20000.0,3,0.6,1,0.2,0.0,3,2
Mumbai,Maharashtra,19.095129499677324,72.91504390725375,8,5,5,35.84251295697434,82.2368787623722,6.667909519277431,5.360335876978545,0.20709816219032046,1002.9418145910288,0.6845342106218687,0,1,0,0,2,20000.0,3,0.6,1,0.2,0.0,2,2
Mumbai,Maharashtra,19.053990267833118,72.96180026651503,14,3,4,23.446512976891892,54.452946788780785,11.54118128510162,13.671774238529272,0.5861212893140658,1025.3189227467826,0.7205062756630207,0,0,1,0,2,20000.0,3,0.6,1,0.2,0.0,3,3
Mumbai,Maharashtra,19.162894032823264,72.79809397881836,15,5,5,31.859745655197035,85.162056910145,12.497516434452688,8.414581927404779,0.9206772968646327,999.6234611941752,0.7704777623043569,0,0,1,0,1,20000.0,3,0.6,1,0.2,0.0,2,2
Mumbai,Maharashtra,19.10937837907355,72.89121718032335,22,5,6,23.983154851233476,77.80108974050299,10.221581629144687,19.746760434339404,0.057420979534703875,1016.1631949028064,0.4346235391603058,0,1,0,0,0,20000.0,3,0.6,1,0.2,0.0,1,1
Mumbai,Maharashtra,18.997767966170116,72.839591515671,11,3,9,18.187710105176386,72.07689866585147,10.83283192348354,11.361872531896537,0.44990397304111596,998.7977057822987,0.7677242988180206,1,0,0,0,2,20000.0,3,0.6,1,0.2,0.0,2,2
Mumbai,Maharashtra,18.985559817196705,72.92239983905704,1,3,6,9.118977827817343,78.22871455401031,22.244584976639082,9.55286371334354,0.45900158306599437,1031.10185874759,0.7661943752613511,0,0,1,0,0,20000.0,3,0.6,1,0.2,0.0,2,1
Mumbai,Maharashtra,19.11876591905135,72.90095691498274,21,0,7,20.65974775215195,46.32374201733,13.329381313928458,11.663077031997442,1.5332337087822923,1013.1467884160688,0.7541107115468285,0,0,0,1,3,20000.0,3,0.6,1,0.2,0.0,2,1
Mumbai,Maharashtra,19.027726206490204,72.8207849525424,6,5,2,39.82958146615327,89.68886830700035,32.682071874151305,2.1891001388659874,0.5905781966531368,992.947660780547,0.6194857747165636,0,0,1,0,1,20000.0,3,0.6,1,0.2,0.0,0,0
Mumbai,Maharashtra,19.141426777978037,72.84797209635872,15,4,11,25.185038010723098,69.99851487901338,3.3244089652486535,6.522304931998099,0.8057099707355718,988.9462734172836,0.724747956287756,1,0,0,0,0,20000.0,3,0.6,1,0.2,0.0,1,1
Mumbai,Maharashtra,19.036611526428132,72.8495986068498,5,3,10,28.663049908966265,66.37303217968075,26.960373000898144,10.327089203080062,0.14940585060657186,1028.3469322401645,0.4773672248114555,0,0,1,0,2,20000.0,3,0.6,1,0.2,0.0,2,3
Delhi,Delhi,28.545575853833817,77.26182546988602,0,5,5,29.29502104558396,72.62515851677996,43.28509797854291,10.927958759626028,0.1345349105010318,1012.5493883112326,0.9715522568858538,0,0,0,1,0,19000.0,4,0.8,0,0.3,0.0,2,1
Delhi,Delhi,28.602584798250792,77.2309654663486,2,0,9,22.361648774448447,81.31061699439564,10.534490998461685,4.47608002223056,7.4551826079584895,1016.9358529818662,0.8567443691530272,0,0,1,0,0,19000.0,4,0.8,0,0.3,0.0,2,1
Delhi,Delhi,28.59970062227021,77.27226184766029,6,0,2,27.001822260964687,69.71910067252232,23.418728657994837,14.18286065867048,0.015770663727850718,1004.5521685409169,0.7691131074771664,0,1,0,0,4,19000.0,4,0.8,0,0.3,0.0,2,2
Delhi,Delhi,28.618648229484176,77.22516289610171,2,5,3,31.37995739046864,84.07308167845287,11.44353138133775,3.4772563602371913,0.07571206247190451,1008.1358305781943,0.4933813117074707,0,1,0,0,4,19000.0,4,0.8,0,0.3,0.0,3,2
Delhi,Delhi,28.590085621312063,77.11600566012225,23,5,4,18.76881066902706,64.73006781637885,14.384220361467598,5.647821554123316,0.18325042340868375,988.314229347789,0.8614679303027643,1,0,0,0,4,19000.0,4,0.8,0,0.3,0.0,3,3
Delhi,Delhi,28.59191877816896,77.28882721162825,14,3,1,12.035635014709639,82.08768775943902,23.59420685585757,10.618033262948872,0.3635839315499215,1009.3288332341842,0.4050870539313371,1,0,0,0,0,19000.0,4,0.8,0,0.3,0.0,0,0
Delhi,Delhi,28.699660328038217,77.16364839397333,9,0,9,9.600688994007943,57.9575784391891,4.8951247424977,7.4302056226213455,5.119787588167837,1005.3724111070125,0.5277269587993254,0,1,0,0,2,19000.0,4,0.8,0,0.3,0.0,1,0
Delhi,Delhi,28.594084184903423,77.17779116337572,11,3,12,4.668099699457258,59.00771530505271,5.928960813594914,1.9246814644422758,1.027609298251505,1035.0460425055564,0.8108400160665654,1,0,0,0,0,19000.0,4,0.8,0,0.3,0.0,1,1
Delhi,Delhi,28.514285994103727,77.1878314691956,18,6,11,24.715401348349463,40.64418672685238,1.5755877233887314,9.450206928433207,0.7565383256766801,1020.8296460499785,0.8246575195490123,0,0,1,0,0,19000.0,4,0.8,0,0.3,0.0,2,1
Delhi,Delhi,28.56258723808053,77.12820827195527,1,2,1,30.06416970907597,65.19403142240142,2.474379644668614,4.632870239882443,0.0023891827103291272,1002.8320903147738,0.8560877426373357,0,1,0,0,1,19000.0,4,0.8,0,0.3,0.0,2,2
Delhi,Delhi,28.711207024841414,77.24921965279252,16,3,7,16.847649005113567,82.05180657746098,5.103582620935255,5.985277723202282,1.020799395490492,1015.2823730952474,0.588303846580712,0,0,0,1,2,19000.0,4,0.8,0,0.3,0.0,1,1
Delhi,Delhi,28.572590809649906,77.20866567134922,0,3,3,21.53786587252393,43.528925921142026,7.782473510180541,13.236728394351621,0.5423645520048475,1014.5894024394366,0.9138733643546075,0,0,1,0,1,19000.0,4,0.8,0,0.3,0.0,2,1
Delhi,Delhi,28.6476683219354,77.14710214388309,12,3,7,28.506108392544267,84.53318299852612,2.9365858250571346,16.068933116848683,0.19825365523090824,1024.4742759553956,0.8855858568720547,0,0,1,0,0,19000.0,4,0.8,0,0.3,0.0,1,1
Delhi,Delhi,28.59106702980733,77.18710250926469,6,1,7,35.86762908749978,62.42787693261745,7.873973215208786,16.398712796707358,3.9288444282482184,1006.1684699571204,0.9030169525400585,0,1,0,0,5,19000.0,4,0.8,0,0.3,0.0,1,0
Delhi,Delhi,28.550540419854734,77.17312930965353,18,2,5,28.63133503643317,66.52005623747185,3.544055330529175,1.2569737999694102,0.07959856040935023,976.0765691712595,0.4892013797641749,0,0,0,1,1,19000.0,4,0.8,0,0.3,0.0,0,0
Delhi,Delhi,28.62874313918467,77.15110721036415,7,4,11,31.73369160590586,63.67285200420105,14.030545852540879,9.447884891381854,0.2741226713372855,1017.0277609206066,0.6574701382080388,0,0,1,0,1,19000.0,4,0.8,0,0.3,0.0,0,1
Delhi,Delhi,28.676556243238917,77.11461252900044,18,3,8,4.248469528699015,86.9643451272849,2.865246266044065,18.69506564030426,2.9269990676040565,989.4087274362922,0.8192894861113743,0,0,0,1,2,19000.0,4,0.8,0,0.3,0.0,1,1
Delhi,Delhi,28.60120631074024,77.29276551180185,3,2,11,24.244127580749463,70.62926220199951,5.3287059485889445,5.260428508361562,0.4846974449639882,1035.9194796667455,0.8340493105558813,0,0,1,0,4,19000.0,4,0.8,0,0.3,0.0,2,2
Delhi,Delhi,28.624780862770468,77.12452605601158,2,3,9,34.928002179686096,74.49328936122323,0.9784672209054667,19.37799780843484,0.8661354359668965,1020.8493763068205,0.8029414369527916,1,0,0,0,0,19000.0,4,0.8,0,0.3,0.0,1,0
Delhi,Delhi,28.703048813274076,77.17042018118825,13,2,11,23.567158348525865,83.80712235313004,8.672701864236034,18.83528101286791,0.3987695985503255,1011.7482797176074,0.6831145634877865,1,0,0,0,2,19000.0,4,0.8,0,0.3,0.0,1,1
Delhi,Delhi,28.60923793562526,77.25746465333438,5,3,10,14.540456868839103,85.39008544530536,3.1962894147586263,3.6469729079744204,0.44112124229917793,1007.2837468571354,0.9030704328300265,1,0,0,0,0,19000.0,4,0.8,0,0.3,0.0,2,2
Delhi,Delhi,28.66493749961721,77.2947022747785,3,6,7,20.69110150250458,69.3035641768347,1.7924029396990426,10.028321341100456,0.5287307102240145,997.8297666112686,0.853395672478257,0,1,0,0,2,19000.0,4,0.8,0,0.3,0.0,3,2
Delhi,Delhi,28.59133839228813,77.24865824889098,11,0,1,36.3271952138617,66.65060166654052,12.686624577900378,15.453648668713686,1.0550161309574102,976.7307935183079,0.5730956223190091,1,0,0,0,1,19000.0,4,0.8,0,0.3,0.0,0,0
Delhi,Delhi,28.593985579669614,77.27515627783049,8,0,12,20.63519485913091,84.8868334092038,6.520959030489106,6.694539795223353,2.3012578466085896,1007.1792639086145,0.7480498257938378,0,1,0,0,1,19000.0,4,0.8,0,0.3,0.0,1,1
Delhi,Delhi,28.661152638125394,77.2235736900773,6,6,8,26.446041489784633,52.358801245558425,5.174665537445358,14.720838377953083,4.5211162556345625,991.8873958354072,0.3747431633728298,1,0,0,0,0,19000.0,4,0.8,0,0.3,0.0,0,1
Delhi,Delhi,28.585191501026756,77.1796987343337,10,3,2,16.57383149623186,70.67080421937547,1.8767303059402933,3.0782985749226324,0.4005195806027265,996.1327647465772,0.7120650277963645,0,1,0,0,2,19000.0,4,0.8,0,0.3,0.0,2,3
Delhi,Delhi,28.61466552329549,77.30535018099634,21,1,5,31.350832052197475,66.43867554164025,10.748491735890951,1.7284159311307612,1.1107698034975402,988.9549181736435,0.6892234452817385,0,0,1,0,5,19000.0,4,0.8,0,0.3,0.0,0,1
Delhi,Delhi,28.66562667216157,77.21770989902666,13,5,2,22.416080282424033,65.43054658422442,2.4367903277033283,13.187481590148453,0.3526403822810861,975.8564636507126,0.8735630948172258,0,1,0,0,1,19000.0,4,0.8,0,0.3,0.0,2,2
Delhi,Delhi,28.564699947541122,77.12755621251355,1,1,1,29.932872613531,75.29809118808257,4.812786163025339,9.393832210704895,0.5497547877950374,1015.9982479187363,0.8855693682279566,1,0,0,0,0,19000.0,4,0.8,0,0.3,0.0,1,1
Delhi,Delhi,28.68775879971337,77.12880432544343,5,5,4,26.324651536598747,60.75219464439246,5.621702096609208,3.888842469409397,0.7597390500167607,1016.5705051376722,0.852090250123272,0,0,1,0,0,19000.0,4,0.8,0,0.3,0.0,3,2
Delhi,Delhi,28.647168947412883,77.17066839671527,19,4,4,22.099254889803362,73.25097323347205,5.181430837905328,19.012788870114964,1.0887407675762686,997.927050394164,0.6047272619237785,0,1,0,0,1,19000.0,4,0.8,0,0.3,0.0,0,0
Delhi,Delhi,28.705198288158694,77.21721867313342,11,1,9,46.94801149425076,81.68288606209842,13.154397990243504,8.72623780377676,5.451370420318036,1023.7582471644484,0.9269376179530336,0,0,0,1,1,19000.0,4,0.8,0,0.3,0.0,1,0
Delhi,Delhi,28.61188782713473,77.22560437243168,6,5,10,30.338859050358685,79.40444498865853,8.139024890717645,10.51597349760226,1.6427691795585009,1004.0002442785552,0.6704752855435788,0,1,0,0,0,19000.0,4,0.8,0,0.3,0.0,0,0
Delhi,Delhi,28.65201794674077,77.2740721201463,15,0,11,37.060800403077835,43.47546157189051,12.928837118344784,15.38676262758066,0.20345559327799825,1014.2141174842121,0.9295085413356666,0,0,1,0,5,19000.0,4,0.8,0,0.3,0.0,1,0
Delhi,Delhi,28.589970439267166,77.18030605489233,11,5,3,24.282072175762494,87.74307861677906,10.84764803946638,14.399660402774135,0.4496939511593092,1020.0920453064919,0.7195897640975857,0,0,0,1,0,19000.0,4,0.8,0,0.3,0.0,1,1
Delhi,Delhi,28.675874284460793,77.1932400721074,1,1,7,29.04067861897191,84.73940287903991,7.805267321824083,14.948122804293076,3.469811460593946,994.5790705852131,0.6531307194614344,0,1,0,0,1,19000.0,4,0.8,0,0.3,0.0,1,1
Delhi,Delhi,28.51869044162413,77.12200600793103,23,1,3,21.452789343028847,53.32870794678723,24.339896741111872,18.965667029271458,0.8787357487073877,1007.186492545945,0.42660808566245784,0,0,1,0,0,19000.0,4,0.8,0,0.3,0.0,1,1
Delhi,Delhi,28.525798414513183,77.14946222669934,22,6,5,23.447565583056484,57.002337149786094,6.582146204464719,14.36998398914537,0.6020904462214008,1010.2397237190186,0.7115894675340104,0,0,1,0,1,19000.0,4,0.8,0,0.3,0.0,2,1
Delhi,Delhi,28.59606322515931,77.11387121226754,18,4,1,24.35173787858671,50.43573177394032,22.71957112292988,12.240503937490125,0.3619829881613894,1005.6282847218256,0.9056431196457233,1,0,0,0,0,19000.0,4,0.8,0,0.3,0.0,0,1
Delhi,Delhi,28.64559692728684,77.14564269749926,13,5,11,21.189572902104103,89.44200941523445,1.5212476064964866,1.3554386509078005,0.008277935493987145,1017.5123244558173,0.7174286437293012,0,1,0,0,3,19000.0,4,0.8,0,0.3,0.0,3,3
Delhi,Delhi,28.703542905683946,77.28479143147827,7,3,10,19.959300116690034,48.27357550567663,11.642981965108321,19.174827685887315,0.2693613509191189,996.6192702973908,0.5425704950527275,0,0,1,0,0,19000.0,4,0.8,0,0.3,0.0,0,0
Delhi,Delhi,28.68050076352774,77.19195452664762,3,1,5,23.805857462052,75.32681922047024,2.877653635532602,7.018279412872644,0.287851860835776,988.9490378368444,0.7611873389341471,0,0,1,0,0,19000.0,4,0.8,0,0.3,0.0,2,2
Delhi,Delhi,28.574652151711454,77.17563063526735,8,1,8,28.097885349383866,52.387895436065115,13.082823778467489,17.942339686857444,1.6527736029249174,1015.4034754696326,0.7716237056563701,0,0,1,0,2,19000.0,4,0.8,0,0.3,0.0,2,1
Delhi,Delhi,28.670318402371457,77.12914830694652,10,1,6,36.37340256161366,40.02114932514348,11.650907897187876,19.077108607641055,6.070922239854571,1049.3837616755577,0.6199668222522656,0,0,0,1,0,19000.0,4,0.8,0,0.3,0.0,0,0
Delhi,Delhi,28.635928659722723,77.25650660515463,16,5,6,31.035130896812205,88.36335436659505,1.0461004878280427,19.91233537741476,0.17740445587455184,1004.1204269121006,0.7156186881371172,0,1,0,0,0,19000.0,4,0.8,0,0.3,0.0,2,1
Delhi,Delhi,28.66820492978069,77.13937898064806,19,1,8,43.256734260270406,77.28918484898318,27.985213183113245,15.160157758456926,3.909053467062597,1035.0451757899941,0.5300072111215249,0,0,1,0,2,19000.0,4,0.8,0,0.3,0.0,1,1
Delhi,Delhi,28.607217898489278,77.22520947879451,7,3,11,23.179345330095458,69.9300275187166,0.8022670679719196,15.077158930397115,0.35541318936424376,1015.9699049649457,0.7581646257283293,0,0,0,1,2,19000.0,4,0.8,0,0.3,0.0,1,2
Delhi,Delhi,28.6941490143015,77.27333111240921,22,2,2,31.90390142170987,67.08097689300962,1.3908118017396882,15.993141970551621,0.08044389412667032,994.8859778927634,0.502718030946152,0,0,1,0,0,19000.0,4,0.8,0,0.3,0.0,1,1
Delhi,Delhi,28.515223865945913,77.19635461098015,12,3,3,22.237003722306902,64.9653643809625,0.7780468948274168,10.417253275502924,0.12146034731496101,1002.9813519052743,0.6410946410523269,1,0,0,0,3,19000.0,4,0.8,0,0.3,0.0,2,2
Delhi,Delhi,28.54423458545304,77.28229741504113,7,3,4,12.685397253517207,89.15434776857171,2.3502284347540674,10.781932167347785,0.004335978676049483,1004.7061871901324,0.6655496032800139,1,0,0,0,2,19000.0,4,0.8,0,0.3,0.0,1,1
Delhi,Delhi,28.54368208128933,77.23746338747812,15,5,2,24.183351832131066,86.37805387682272,6.934290043459198,15.154614729574256,0.6674286126379241,1024.0294142584112,0.9000005490100063,1,0,0,0,2,19000.0,4,0.8,0,0.3,0.0,3,2
Delhi,Delhi,28.578270566690648,77.24882857161674,9,0,9,44.89443770258535,74.96395030167417,7.205678130443339,5.777359539279937,0.6138960556797813,1011.5232264721558,0.9821734379108905,0,1,0,0,1,19000.0,4,0.8,0,0.3,0.0,1,0
Delhi,Delhi,28.62976196836079,77.1440885365623,23,1,11,35.964370364550774,57.71055864062343,10.808537490018912,19.276181702632343,0.08414705036390895,1015.3632037036083,0.9306243881833501,0,1,0,0,4,19000.0,4,0.8,0,0.3,0.0,2,2
Delhi,Delhi,28.541109652156546,77.16843834403106,2,4,1,28.4469385631089,45.2009920062857,8.169889573133284,12.880033675388095,1.170057564871085,1009.1578021624877,0.6726629360567835,0,0,1,0,1,19000.0,4,0.8,0,0.3,0.0,0,0
Delhi,Delhi,28.611635965409363,77.21103255934736,18,5,5,24.494435060903218,45.002541304486925,38.182741812475776,10.689760482342331,0.1483467439466272,1011.2788073143298,0.5275923094597652,0,0,1,0,1,19000.0,4,0.8,0,0.3,0.0,0,0
Delhi,Delhi,28.64226735953388,77.17181596185945,16,2,7,28.880331845674604,73.22994219207314,27.872606489833714,10.312856100478282,4.050572730197048,1006.0102400273166,0.7283547851304789,0,0,1,0,1,19000.0,4,0.8,0,0.3,0.0,1,0
Delhi,Delhi,28.56767263541303,77.19485922619575,3,6,3,22.109360000794325,59.444027544663484,4.259787500774728,11.382077777352194,0.2797514035810054,1011.4646542619141,0.7238262088544242,0,1,0,0,1,19000.0,4,0.8,0,0.3,0.0,2,1
Delhi,Delhi,28.665950133304047,77.21541423862278,7,4,12,32.86543634260393,44.041356239871995,4.1283007573070964,18.34407540276697,0.11995992625852195,1015.4527894459017,0.7371880695831999,0,1,0,0,2,19000.0,4,0.8,0,0.3,0.0,2,2
Delhi,Delhi,28.664554955552376,77.19267932406234,19,3,2,26.121978691661493,88.98740539427081,5.353201709116741,10.48958631100284,0.2939203856895627,1025.0778674118849,0.8975687218520755,1,0,0,0,2,19000.0,4,0.8,0,0.3,0.0,2,1
Delhi,Delhi,28.652019366688155,77.18028373832945,16,1,2,5.134028002693732,84.34683917440225,0.2803356330975614,1.1249095783996705,0.864696841451084,1021.6796404927002,0.7698957524345978,0,0,1,0,0,19000.0,4,0.8,0,0.3,0.0,1,0
Delhi,Delhi,28.635861770932483,77.24923700282153,3,3,10,23.17779072712422,55.13233804330417,2.399653110224225,5.355337620391507,0.7005918273165713,987.4016966144568,0.7681561932904626,0,1,0,0,4,19000.0,4,0.8,0,0.3,0.0,2,2
Delhi,Delhi,28.6701002190159,77.26216061482118,0,1,4,33.96996022353846,79.82305496913767,10.224485550885362,4.104348858636008,0.7379753501907774,1003.9149280587116,0.8542354528420641,0,0,1,0,1,19000.0,4,0.8,0,0.3,0.0,2,2
Delhi,Delhi,28.691376807589034,77.27948571962646,2,1,9,18.85334042518228,80.3324403479183,8.686403819378391,3.8737757034734996,3.6496391601834093,1000.2182877266775,0.7307535098935211,0,1,0,0,0,19000.0,4,0.8,0,0.3,0.0,1,1
Delhi,Delhi,28.640690498390203,77.26495497073135,15,3,2,22.113469618917584,58.55575432335597,6.365749198468713,13.471694864382231,0.3069312137214288,1016.8626551174186,0.8676312470140791,1,0,0,0,2,19000.0,4,0.8,0,0.3,0.0,2,1
Delhi,Delhi,28.656833705057398,77.17919994384569,0,3,4,32.42143176778886,59.115434592959936,13.83135141751663,1.1924757736612972,0.10988180179527311,1010.2810396045318,0.81942553714572,0,1,0,0,0,19000.0,4,0.8,0,0.3,0.0,1,1
Delhi,Delhi,28.625246762704855,77.30122020893732,11,0,11,37.536651826354166,61.54208997756889,7.0135255185953485,18.380091408163572,0.06175991241771061,1010.9559641973935,0.9219990423419415,1,0,0,0,1,19000.0,4,0.8,0,0.3,0.0,1,1
Delhi,Delhi,28.669455541637326,77.1286757504077,23,3,5,15.425050449660274,89.58688650125467,9.934346821655694,3.389792893441386,0.21560053762542347,1003.2088017556509,0.5782886216802685,0,0,1,0,1,19000.0,4,0.8,0,0.3,0.0,0,0
Delhi,Delhi,28.707879049564262,77.1149295246734,3,0,12,20.33225945761077,69.98784836704853,1.2171929257364957,3.4126339499417786,0.4868289647397508,1016.3900001584043,0.8266686349423833,0,0,1,0,0,19000.0,4,0.8,0,0.3,0.0,2,1
Delhi,Delhi,28.541559840407256,77.23704125760212,9,5,2,24.28508664543937,62.19269595503864,2.2463063388252267,19.21508391951017,0.7828656168592436,1008.6926949925149,0.8474819311578151,0,0,0,1,2,19000.0,4,0.8,0,0.3,0.0,2,2
Delhi,Delhi,28.658180881834973,77.18667912694335,12,6,4,10.921882350272814,80.73957714480831,1.6579052042963836,1.0272012083484174,0.550327460835842,1022.0475034254374,0.9308068050910944,1,0,0,0,1,19000.0,4,0.8,0,0.3,0.0,2,2
Delhi,Delhi,28.59282994172919,77.22408415405495,15,5,5,28.358045831457325,81.08528050527516,24.73369384172015,2.289451699972149,0.08457025059549911,1014.8604946552574,0.7363794028329832,1,0,0,0,0,19000.0,4,0.8,0,0.3,0.0,1,2
Delhi,Delhi,28.562113441397248,77.26949592781699,9,2,10,27.578221824559307,51.1041741687554,0.2150456595357318,2.5142332729830814,1.7882771449254473,983.9262850894884,0.7813288666705978,0,0,1,0,1,19000.0,4,0.8,0,0.3,0.0,1,2
Delhi,Delhi,28.662305379950165,77.17833539528672,8,6,12,22.839668617276118,43.04359699854449,8.142606578916368,6.733585195586357,0.03778964924368522,1011.8429534836623,0.9120866964469982,0,0,1,0,1,19000.0,4,0.8,0,0.3,0.0,2,1
Delhi,Delhi,28.694251080934333,77.15976760264996,16,6,3,33.799693536864154,84.79056668974084,17.449510584436563,16.700916124698402,0.5169071488708035,1030.649869144915,0.7393368953830899,0,1,0,0,1,19000.0,4,0.8,0,0.3,0.0,2,2
Delhi,Delhi,28.58710499949129,77.16341813182358,8,3,7,22.164154358594402,70.51314374202738,8.704199381981633,15.120359040103338,2.85093895660197,998.3908522960453,0.52071732433647,0,0,1,0,5,19000.0,4,0.8,0,0.3,0.0,0,1
Delhi,Delhi,28.536593485597695,77.23245032412034,15,2,5,30.15141473584429,76.30981735361058,24.44423430256622,5.2677976996940155,0.44383480792580243,1042.658365117971,0.529361273674628,0,0,0,1,0,19000.0,4,0.8,0,0.3,0.0,0,0
Delhi,Delhi,28.673282239610725,77.15670237880119,14,0,7,24.738775469336094,88.63125741236186,1.5177774176976437,2.0322130730357304,2.2400309655765165,1007.1440678114415,0.8095344710027923,0,1,0,0,1,19000.0,4,0.8,0,0.3,0.0,1,0
Delhi,Delhi,28.541764965126013,77.25246883618735,23,5,8,12.192282132177477,71.82884957223325,2.155819918929393,8.268220449824092,0.6869735975049033,1010.4886035370264,0.5789679293989798,0,1,0,0,0,19000.0,4,0.8,0,0.3,0.0,2,2
Delhi,Delhi,28.54753206964365,77.29811063285788,20,3,11,27.877630215083087,70.15121295396928,16.287639744522618,5.028611982999389,0.28418426101448124,997.951304515586,0.744310944952918,0,1,0,0,0,19000.0,4,0.8,0,0.3,0.0,1,1
Delhi,Delhi,28.547710339618625,77.19283545279495,22,4,2,22.104324481635825,66.07402206563992,0.6342998696097617,12.2173820994309,2.315195683319041,1012.8497818228352,0.7053887732021404,1,0,0,0,2,19000.0,4,0.8,0,0.3,0.0,3,3
Delhi,Delhi,28.577637288520886,77.21334700188501,4,2,3,18.295034329103533,42.53628910167296,6.436153984771558,9.798453642673987,1.12438348673646,1018.7645330347359,0.8122991575741433,1,0,0,0,1,19000.0,4,0.8,0,0.3,0.0,2,2
Delhi,Delhi,28.705306180601102,77.25249751088253,14,6,2,29.560398433502776,73.48025266529885,9.270058799551785,15.835825398148392,1.8628151407523996,1030.54707942299,0.4278714550577691,1,0,0,0,5,19000.0,4,0.8,0,0.3,0.0,1,1
Delhi,Delhi,28.52787519826441,77.18012732774967,13,6,3,34.59768609239224,47.58319687971969,14.614206258922604,16.092298374426086,0.5445502265739274,1003.8217216753994,0.5485636328059049,1,0,0,0,5,19000.0,4,0.8,0,0.3,0.0,1,1
Delhi,Delhi,28.523175209186793,77.1211053197829,13,6,9,23.71700249175086,80.65579395509184,7.888248853727489,2.995821669417581,0.1731894479019097,1029.9329608429523,0.7751511013147125,1,0,0,0,0,19000.0,4,0.8,0,0.3,0.0,1,1
Delhi,Delhi,28.64294093993262,77.28253569346751,14,6,12,19.862302741781907,68.28202533272224,5.769110652481605,11.630207983728582,0.12219593540350188,1002.034859523968,0.7514176461377554,0,0,1,0,0,19000.0,4,0.8,0,0.3,0.0,2,3
Delhi,Delhi,28.63825434897036,77.27943608232682,2,6,12,19.802471831790847,42.40311998384602,14.509951030646382,7.111347774458576,1.3957078502260527,990.9387153977257,0.873421939435428,0,0,1,0,1,19000.0,4,0.8,0,0.3,0.0,3,3
Delhi,Delhi,28.569659986802797,77.17139153792355,5,3,5,30.42230161427485,43.81137423754541,15.079600919159553,12.227994611685771,0.16189412262752453,1005.4700725348026,0.4186955455570931,0,0,0,1,1,19000.0,4,0.8,0,0.3,0.0,0,1
Delhi,Delhi,28.71002160604363,77.120214121757,7,5,4,27.70058723905983,50.41759196141123,3.7903786448853034,2.405424416325966,0.2413040874768075,1030.4148141946184,0.6284099611573316,1,0,0,0,0,19000.0,4,0.8,0,0.3,0.0,0,0
Delhi,Delhi,28.537383441606735,77.19729541978089,11,0,12,17.317059242391146,49.136893007522175,5.533140184604362,18.220384987454384,0.42006257801024227,1040.253982114798,0.6860733163743414,0,1,0,0,1,19000.0,4,0.8,0,0.3,0.0,0,0
Delhi,Delhi,28.59485153833836,77.21449317435635,18,6,10,27.706513866219584,85.65643551148466,8.911674331720256,12.86540563124028,0.024906017746618835,1026.2018151491316,0.8072188144037281,1,0,0,0,2,19000.0,4,0.8,0,0.3,0.0,3,2
Delhi,Delhi,28.7000569889263,77.21335361794931,11,3,9,20.784809070386277,87.8722475779641,32.63159706531392,9.078281879202493,1.8593597292950452,978.2660178548274,0.7152060156053776,0,0,1,0,0,19000.0,4,0.8,0,0.3,0.0,1,1
Delhi,Delhi,28.60284192359732,77.12833393690643,22,1,1,22.527161259039787,65.67031578832473,5.294864300311691,13.587519237890138,0.9811814889005519,999.3843114327817,0.5636606906041499,0,1,0,0,2,19000.0,4,0.8,0,0.3,0.0,2,2
Delhi,Delhi,28.524613157579203,77.18455554570585,9,1,9,30.27917540068201,86.36554318289589,15.919512397409417,8.436324724704166,1.7535573191826097,1035.1922129382872,0.9012281865164259,0,0,0,1,0,19000.0,4,0.8,0,0.3,0.0,0,1
Delhi,Delhi,28.665064968173812,77.26276314695758,11,1,8,40.96767937561388,49.054612341396364,7.558945773119642,12.971815064715127,6.423991430261257,1026.3380936685014,0.7910572609399944,0,0,0,1,1,19000.0,4,0.8,0,0.3,0.0,1,1
Delhi,Delhi,28.626557022056836,77.18053848922769,0,1,8,12.468154169048802,65.7465158379872,1.6723420139110936,4.228896064919722,2.8892322046887964,984.9371318672901,0.3724461203457903,0,0,0,1,2,19000.0,4,0.8,0,0.3,0.0,1,0
Bangalore,Karnataka,12.984895616847343,77.61174275463438,17,5,4,19.035641509517678,58.043481881313426,4.509158605468552,16.543973604136863,0.12836851122082812,1022.0928732796641,0.8153210170230043,0,0,0,1,1,13000.0,2,0.4,0,0.0,0.0,2,2
Bangalore,Karnataka,13.045414517990677,77.64393862368748,4,6,8,39.31595645405416,46.679501642198964,5.3328969318244654,2.7254437141458396,1.2190547801007818,1001.5964582233677,0.39924827461365714,1,0,0,0,5,13000.0,2,0.4,0,0.0,0.0,2,1
Bangalore,Karnataka,13.057630787450348,77.57235420175064,19,1,9,16.961886396222113,71.60912376975978,2.8694012757870397,9.195342047627793,1.4111284849424743,1002.5434019712593,0.38598272854758015,1,0,0,0,0,13000.0,2,0.4,0,0.0,0.0,0,0
Bangalore,Karnataka,13.033709690445622,77.58307912071363,16,4,1,37.825310402464545,85.25294171855793,0.9984105130614489,7.875340479513885,1.922329845174393,997.0401743461573,0.7480803523576154,0,0,1,0,1,13000.0,2,0.4,0,0.0,0.0,1,1
Bangalore,Karnataka,12.963885141548811,77.51278224667581,21,1,6,32.01206439634883,51.09856911734718,8.372443699611555,1.1718725295039973,0.5813191005973238,1020.3680827693174,0.6687008511389582,0,1,0,0,5,13000.0,2,0.4,0,0.0,0.0,0,0
Bangalore,Karnataka,12.939389436203525,77.6102112852945,18,6,10,30.26287115414457,49.04771447150811,7.013824531462081,17.856788830371986,0.9953081851221707,1024.649459815092,0.717770423004185,0,0,1,0,0,13000.0,2,0.4,0,0.0,0.0,2,2
Bangalore,Karnataka,12.881498341314279,77.51790569815843,18,1,9,20.041616408552354,72.19715851792452,6.508673140877191,3.3925464931875924,4.948737113782115,1009.9067055199298,0.7359934817568787,0,1,0,0,0,13000.0,2,0.4,0,0.0,0.0,1,0
Bangalore,Karnataka,12.906316681332788,77.5206331310101,0,5,2,32.67976966758235,86.5103617789236,1.3705209100773765,14.963896985529052,0.2858708027131528,1021.4870441954248,0.7833898188921107,0,0,1,0,2,13000.0,2,0.4,0,0.0,0.0,2,2
Bangalore,Karnataka,12.926613121465396,77.50321126856956,9,4,4,21.16994977876543,42.464971802106845,0.989602132345022,5.82719115839974,0.06928724170539481,1005.863344579219,0.6384517016342954,0,0,0,1,0,13000.0,2,0.4,0,0.0,0.0,0,0
Bangalore,Karnataka,12.898187953804644,77.55405328242642,23,1,7,32.42569594211601,71.40335528824359,1.6203993170848388,8.29548885566734,0.7784642343850516,1040.2197125077605,0.8708377706918516,0,1,0,0,0,13000.0,2,0.4,0,0.0,0.0,2,2
Bangalore,Karnataka,12.989977437285932,77.68380832709549,7,5,7,26.591121093174454,87.63434370201576,4.887315382245541,11.283872578307914,0.859400515726924,978.6075871244359,0.8560432371361066,0,0,0,1,0,13000.0,2,0.4,0,0.0,0.0,1,0
Bangalore,Karnataka,13.024225963817564,77.4981301258733,2,4,9,31.494251985590303,88.07990685469733,9.818188433415092,12.253610159601454,6.817284481739193,1011.2201292794783,0.6673386668461683,0,0,0,1,1,13000.0,2,0.4,0,0.0,0.0,2,1
Bangalore,Karnataka,12.966894082881687,77.63181233046252,12,1,1,34.75944255668367,64.18293686921675,2.8430783862002054,18.967745599640804,0.8532265290959197,1005.8870892910722,0.9761622632228599,1,0,0,0,2,13000.0,2,0.4,0,0.0,0.0,1,0
Bangalore,Karnataka,12.895433632787306,77.62719675440788,16,6,10,26.162055221042937,78.96827499887075,6.834176748066879,3.166296761536262,0.6546403076972995,1027.8694569602503,0.7672159676126746,0,0,1,0,0,13000.0,2,0.4,0,0.0,0.0,1,0
Bangalore,Karnataka,12.939950875663877,77.6889533923869,9,3,9,25.4022868667618,68.98804144422006,11.170585459077246,9.032497461239705,0.3787537547960035,1003.2866205607995,0.4619281095604069,0,1,0,0,1,13000.0,2,0.4,0,0.0,0.0,0,0
Bangalore,Karnataka,12.975719963924114,77.62249908547545,19,0,11,26.60719995026967,81.72472817101618,12.492713513779862,6.0751916927779295,1.3406514201054465,1014.862539518872,0.7361294251384646,0,1,0,0,0,13000.0,2,0.4,0,0.0,0.0,1,1
Bangalore,Karnataka,12.889419706341474,77.65689643696047,11,6,3,36.17406505511453,45.80510606039794,9.624406847027798,12.555277968090783,0.1724330215387158,1032.3251660801704,0.7482242119018817,1,0,0,0,0,13000.0,2,0.4,0,0.0,0.0,0,0
Bangalore,Karnataka,13.00059998750004,77.5841260824803,13,1,1,15.647396121260915,69.07096283330573,5.99925957672488,19.17887425462446,0.6122585806481494,1007.724548291413,0.6814396479616416,0,0,1,0,4,13000.0,2,0.4,0,0.0,0.0,0,0
Bangalore,Karnataka,13.01611961408234,77.63647738015895,4,0,10,27.652543974575973,74.01003595072251,2.2154556599491717,2.197970303447428,0.07352616791648689,1010.9056070986569,0.8742846161527479,0,1,0,0,0,13000.0,2,0.4,0,0.0,0.0,1,0
Bangalore,Karnataka,12.899852025997816,77.55411296903252,7,0,11,27.941249765237462,61.77081931574537,9.03611306826635,19.284171323282187,0.2903811674842813,1014.0210741234594,0.8648868081962461,1,0,0,0,0,13000.0,2,0.4,0,0.0,0.0,0,1
Bangalore,Karnataka,13.057160345709336,77.5541641096984,1,2,4,24.631035601999695,41.499604396132305,2.8938860695420274,3.94679605415601,0.32956352325524974,1014.8563394976018,0.5623537825262145,0,1,0,0,1,13000.0,2,0.4,0,0.0,0.0,0,0
Bangalore,Karnataka,12.953082618025688,77.5826526309624,0,5,11,40.08090395538562,82.96044311509715,2.986962904154456,2.651327084463273,0.18384599149573444,1020.6595731506342,0.7461345950775314,0,1,0,0,0,13000.0,2,0.4,0,0.0,0.0,2,2
Bangalore,Karnataka,13.01694874173568,77.60584052292934,21,5,1,19.83511016914514,83.4293878133468,5.778488628078153,3.9804762618390717,0.23386710851555662,1019.956154676984,0.8543412185697095,0,1,0,0,2,13000.0,2,0.4,0,0.0,0.0,2,2
Bangalore,Karnataka,13.06184398400791,77.66407750004946,23,3,11,19.615636130962848,66.57860516087221,6.828630257293357,15.64188946778991,0.21987113652617787,1005.0770833701246,0.4351216226920729,0,1,0,0,0,13000.0,2,0.4,0,0.0,0.0,1,1
Bangalore,Karnataka,12.999354026541983,77.57167698398572,14,6,11,27.6742627621025,42.926903560244114,0.4430416726675773,7.371820159106071,1.3828438445156048,1023.8389796110519,0.6597466095147334,0,0,0,1,2,13000.0,2,0.4,0,0.0,0.0,0,0
Bangalore,Karnataka,13.067181491070203,77.63300196068317,9,3,11,19.438783522091306,55.88445971847823,6.390564347100975,12.556395486713027,0.05828284895574385,995.9917130113796,0.8180036195850565,0,1,0,0,1,13000.0,2,0.4,0,0.0,0.0,0,0
Bangalore,Karnataka,13.036052420848435,77.68903922866332,15,0,12,33.10159873453475,79.76418678252244,36.36484568873431,13.491170625986937,0.3711195273492996,1005.5911988340537,0.7023441036060588,0,1,0,0,0,13000.0,2,0.4,0,0.0,0.0,1,0
Bangalore,Karnataka,13.023943193664408,77.53435392421143,8,0,1,25.67241613183578,40.58387225666787,4.227795289086946,8.64303854583598,0.9897524404335379,1000.9973149629411,0.4871876066213286,0,0,1,0,1,13000.0,2,0.4,0,0.0,0.0,0,1
Bangalore,Karnataka,13.028939166671963,77.61673986904343,4,0,12,26.219922749671902,40.41224180622317,2.5095974098464513,8.384495159211024,0.7090856106407035,1003.3182385225812,0.855126152981222,0,1,0,0,0,13000.0,2,0.4,0,0.0,0.0,1,1
Bangalore,Karnataka,12.904928355748748,77.51103708952883,11,5,8,19.047444034273255,62.65397876884071,1.9573028892544821,1.83826427297645,2.8414721234305853,1040.3400888661217,0.7500778784867838,0,0,0,1,0,13000.0,2,0.4,0,0.0,0.0,2,1
Bangalore,Karnataka,12.966858122661968,77.57486838990232,17,4,7,4.833215499015793,53.16437974271464,4.757853167052717,19.316792548276407,4.467918480648522,1001.0774235931693,0.7222705279084094,1,0,0,0,0,13000.0,2,0.4,0,0.0,0.0,0,1
Bangalore,Karnataka,12.916057991311826,77.54936277352935,22,6,9,26.705236507396904,62.71132029913326,8.276398789602815,18.268528487636797,0.718523162130435,1004.7863587985739,0.44979813013338615,0,0,1,0,0,13000.0,2,0.4,0,0.0,0.0,1,0
Bangalore,Karnataka,12.985299089355232,77.50451691180179,4,1,1,23.473454109728003,48.07265109300385,41.23776462979948,3.1903460320450137,0.4689918830810133,1018.2124718097155,0.7038268469271107,0,1,0,0,0,13000.0,2,0.4,0,0.0,0.0,2,1
Bangalore,Karnataka,13.01625450976806,77.53407739879209,6,6,2,45.35793831518333,70.71967430055481,8.227748721606913,11.544087502328896,0.6164399990573224,1008.5201726366145,0.7475435748226287,0,1,0,0,3,13000.0,2,0.4,0,0.0,0.0,2,1
Bangalore,Karnataka,13.001719383743117,77.4983179750177,12,0,4,20.124392253973955,46.92281324439459,21.36186594585437,18.043966178201615,0.5705793032539941,1020.7911937677038,0.5392241439372201,1,0,0,0,0,13000.0,2,0.4,0,0.0,0.0,0,0
Bangalore,Karnataka,12.895179600922589,77.63108319982476,15,0,11,19.467615857932476,49.91025605603045,4.925834699000374,7.43215159556671,0.9873815714053064,999.1545733584509,0.6017657971245511,0,0,1,0,5,13000.0,2,0.4,0,0.0,0.0,0,0
Bangalore,Karnataka,12.969742234067398,77.56254567098112,16,0,6,28.33162680868413,58.515275461755294,2.9842826400301337,19.58062486062225,3.1484627611170994,1016.6000827021588,0.8019297561262024,0,0,0,1,4,13000.0,2,0.4,0,0.0,0.0,1,0
Bangalore,Karnataka,13.002464772458566,77.61249750940483,4,3,4,28.799788469534754,41.25651147720755,1.151489425116142,19.22186705540898,1.0852296078580028,1011.6823790939792,0.9550242149069722,1,0,0,0,0,13000.0,2,0.4,0,0.0,0.0,2,2
Bangalore,Karnataka,12.901280733992056,77.58349095925445,20,4,2,35.45302874111666,83.20496191057,4.396812966083873,18.661065510987598,0.019364321199107307,1008.8264032146094,0.8766481687689175,0,1,0,0,2,13000.0,2,0.4,0,0.0,0.0,1,0
Bangalore,Karnataka,13.002345183914098,77.63160462397771,10,0,5,16.149352082121283,75.05808845407614,1.6676836483567867,4.572937322083873,0.4023450688886191,988.2166728554937,0.6009877179635053,1,0,0,0,0,13000.0,2,0.4,0,0.0,0.0,0,0
Bangalore,Karnataka,12.875883966665656,77.55306394937396,17,6,3,31.123937123216752,49.200575583905504,10.752527552418398,8.982542660583103,0.0638594060829965,993.9585006251281,0.47575994583345593,0,0,1,0,2,13000.0,2,0.4,0,0.0,0.0,1,0
Bangalore,Karnataka,12.9023942028629,77.59640438434751,23,6,12,10.906185353372376,50.01516376263941,3.5897127306252736,8.764570115130766,0.15643671715627025,1002.1535206852907,0.7013990665535512,0,1,0,0,0,13000.0,2,0.4,0,0.0,0.0,1,0
Bangalore,Karnataka,13.041231503095283,77.64894680247392,2,1,3,21.56706031386875,88.16912960193119,2.883268358109553,15.946030205382657,0.20871599617852615,1020.8067840141078,0.6976361622947704,0,0,0,1,0,13000.0,2,0.4,0,0.0,0.0,1,0
Bangalore,Karnataka,13.023052408922595,77.69101448988127,14,5,12,34.151675205359496,60.37272326210905,24.387954646245515,2.900491562501897,0.38159486337149706,1027.0689272583477,0.4977622663910795,1,0,0,0,3,13000.0,2,0.4,0,0.0,0.0,1,1
Bangalore,Karnataka,13.011005404750819,77.63427821040332,18,5,5,34.9975804990589,73.28250639732323,3.9138535115666517,15.242943376127513,0.06491657977683091,989.9556849466401,0.8607557242848237,0,0,1,0,0,13000.0,2,0.4,0,0.0,0.0,2,2
Bangalore,Karnataka,13.004683256445096,77.59629040546777,0,2,1,22.804739561663453,40.69922396947802,7.680751027975453,15.886942234056317,1.2920075700188995,1008.175641398432,0.912596272663007,0,0,0,1,0,13000.0,2,0.4,0,0.0,0.0,2,1
Bangalore,Karnataka,12.933087120225393,77.60141959928897,0,1,8,25.81297125984345,77.50989591650459,2.723040933107116,13.37198161519677,0.04454966144758895,1012.1458925835676,0.5472202569387284,0,1,0,0,0,13000.0,2,0.4,0,0.0,0.0,1,0
Bangalore,Karnataka,12.952697989247094,77.58706031540123,7,2,12,35.71656161731461,65.43486600587107,1.6160684530953586,10.315240164784907,0.40456207075044825,1027.999671894548,0.9575892197499952,0,0,0,1,0,13000.0,2,0.4,0,0.0,0.0,1,1
Bangalore,Karnataka,12.961699117853007,77.66218991227895,12,6,7,23.194367840738337,54.833707534344285,0.18717281125373936,5.438064227019398,0.9279827120629965,1010.9495673580016,0.9802188560923188,0,1,0,0,0,13000.0,2,0.4,0,0.0,0.0,1,1
Bangalore,Karnataka,13.006024456938688,77.60929021676735,13,3,12,22.433908484968654,71.58486958302544,39.1293107669964,16.92646404511582,0.04842213905308793,1014.1352482948046,0.6570168737940536,0,0,1,0,1,13000.0,2,0.4,0,0.0,0.0,0,0
Bangalore,Karnataka,13.043276306540129,77.60517782872896,17,6,9,16.481019889903056,55.26615017819034,12.783391012192258,5.8268205079288045,2.8045447244235384,1003.2544077598013,0.6123500473172584,0,0,0,1,0,13000.0,2,0.4,0,0.0,0.0,0,0
Bangalore,Karnataka,12.980391852606282,77.5503760414013,8,4,4,16.007159815874473,46.61101811957698,4.1864811300806,14.500225743968679,0.7842025338687534,1005.7264232664193,0.42794892754546326,0,0,0,1,1,13000.0,2,0.4,0,0.0,0.0,0,0
Bangalore,Karnataka,12.887971999631377,77.54669739266974,13,4,6,21.282490442270223,63.621166689447804,11.484088887096016,17.791845281143605,1.8922099209359236,1003.587221354436,0.736235865188323,0,1,0,0,0,13000.0,2,0.4,0,0.0,0.0,0,1
Bangalore,Karnataka,13.064882051218122,77.69426277666233,19,2,5,19.1747451055399,56.04948759876386,3.3348915410514883,9.379809140354702,0.718747670571043,997.1592885003453,0.4499099215350705,1,0,0,0,2,13000.0,2,0.4,0,0.0,0.0,0,0
Bangalore,Karnataka,13.028154289006624,77.69019246217775,15,1,4,22.81148876817655,69.93763747444183,2.9975261564319426,12.77182792334004,0.4129068481232824,996.0600158269765,0.5595321109011874,0,1,0,0,5,13000.0,2,0.4,0,0.0,0.0,1,1
Bangalore,Karnataka,13.038825013360169,77.61899563784574,2,6,5,18.988026083005245,86.41001676885938,6.6443906053561586,9.044261002018226,0.7490527468304661,991.0042561828018,0.7654480792492627,1,0,0,0,2,13000.0,2,0.4,0,0.0,0.0,3,2
Bangalore,Karnataka,12.905345466173674,77.626793025325,2,5,5,18.74022757104195,88.74464484419167,8.476997527472525,7.178110382356772,0.13227834860937351,1043.5951563006488,0.8689469969776965,1,0,0,0,0,13000.0,2,0.4,0,0.0,0.0,2,1
Bangalore,Karnataka,12.952560127140917,77.68849981184664,3,4,8,31.784547773053788,48.75578837504271,4.703111071181593,1.4575111480748433,0.6962313179556845,1021.0662399471936,0.48801110922618246,0,1,0,0,1,13000.0,2,0.4,0,0.0,0.0,0,1
Bangalore,Karnataka,12.899374102441886,77.65301165862434,6,6,4,33.425831248792605,53.83871306101972,0.2729910296014929,8.40680463739704,0.49885881509252505,1020.0918037189464,0.4652431290298554,0,0,1,0,2,13000.0,2,0.4,0,0.0,0.0,1,1
Bangalore,Karnataka,13.068285285269543,77.67515857701758,15,6,10,17.460326204190814,45.106569003841294,23.931609786809855,7.047433396876289,0.2304868119581732,996.87504705539,0.7368984043560087,1,0,0,0,5,13000.0,2,0.4,0,0.0,0.0,2,1
Bangalore,Karnataka,12.885218711090303,77.55246811529477,9,2,2,28.15038762252027,57.24791647401615,0.04654201679937467,7.820941381396863,1.5104733430262167,1010.147853519678,0.7446415290542643,0,1,0,0,1,13000.0,2,0.4,0,0.0,0.0,2,0
Bangalore,Karnataka,12.921021205139152,77.65302960287619,22,4,8,29.53698616587339,41.33891653538279,6.383344707965976,10.272328816567047,0.2618432971955634,1023.1834666536233,0.8231875494703885,1,0,0,0,0,13000.0,2,0.4,0,0.0,0.0,2,2
Bangalore,Karnataka,12.9696474660175,77.5196174174693,16,1,6,40.95333657152879,51.818702813975094,4.964781171680687,11.940540810668416,1.311844057090695,1028.15373824788,0.7189510873788592,1,0,0,0,1,13000.0,2,0.4,0,0.0,0.0,2,2
Bangalore,Karnataka,12.925452601362286,77.68317303843895,7,1,7,28.739429695950935,72.41182659074383,24.592976693976254,14.70748588801389,1.31779228836345,988.0690118147679,0.7837444890039577,0,0,1,0,5,13000.0,2,0.4,0,0.0,0.0,1,0
Bangalore,Karnataka,12.982924691489293,77.53111081104741,1,1,12,11.530755078246926,76.90455427473495,0.8541035388650409,12.410552551956785,0.6378405320497369,1025.6415033506612,0.9756505829114058,0,1,0,0,2,13000.0,2,0.4,0,0.0,0.0,2,2
Hyderabad,Telangana,17.475426643074343,78.43715797467834,14,6,2,27.260710904620293,62.37130837069611,15.303527966207177,18.50460803335379,0.22828507234265435,993.8306191326944,0.5848483406012173,0,0,1,0,0,10000.0,2,0.4,0,0.0,0.0,0,0
Hyderabad,Telangana,17.342939508071893,78.49894957783697,2,0,11,39.32473659337745,78.9724085576676,9.40481592473981,11.261734911217633,0.024029851147531242,993.1380187421952,0.6991506612279704,0,1,0,0,1,10000.0,2,0.4,0,0.0,0.0,0,0
Hyderabad,Telangana,17.465802017094184,78.4724509194961,1,2,7,37.27434135742613,63.05756095549837,9.267942319078209,15.163947872598623,3.137657953936642,1013.2224036316638,0.6372175554395516,0,0,0,1,0,10000.0,2,0.4,0,0.0,0.0,0,1
Hyderabad,Telangana,17.417533560861507,78.4264123757532,5,2,11,31.296741202029235,67.33471095432307,21.44345611391786,8.303269267661811,0.33668588720558756,1005.7181608448682,0.4075970937673484,0,1,0,0,3,10000.0,2,0.4,0,0.0,0.0,1,1
Hyderabad,Telangana,17.31693535256231,78.43792526573803,4,0,2,41.75170819736059,70.46702603099718,9.002612386903282,6.642689002818011,0.8554474525802834,1006.4441986212718,0.9093047444331557,0,0,1,0,0,10000.0,2,0.4,0,0.0,0.0,1,1
Hyderabad,Telangana,17.339514585745015,78.488205137255,16,3,11,33.10432829053993,53.27961494354141,48.44520963401241,8.915855070240934,0.4413603033280751,1012.9072506510066,0.689619763379679,1,0,0,0,1,10000.0,2,0.4,0,0.0,0.0,0,0
Hyderabad,Telangana,17.333642648399394,78.40603563132481,7,2,9,41.79793470459047,77.06051584794645,6.908100372308654,3.3376972802962483,7.462966882744691,1013.2722140638934,0.8532228975220351,0,0,1,0,0,10000.0,2,0.4,0,0.0,0.0,1,0
Hyderabad,Telangana,17.471537609372376,78.55371886334521,23,2,12,36.598428799362416,81.30322012846227,0.2028239700331586,7.447795843393682,0.0018075926677993811,1002.3758636861725,0.893093028533023,0,0,1,0,0,10000.0,2,0.4,0,0.0,0.0,1,1
Hyderabad,Telangana,17.476276018839055,78.56791189624504,3,1,7,23.784501197028234,63.98740267682249,33.17660704124331,11.012984887348422,0.8617939642639211,1005.864553145948,0.8118685054620508,1,0,0,0,0,10000.0,2,0.4,0,0.0,0.0,2,2
Hyderabad,Telangana,17.33632383646789,78.5529662624227,18,4,11,33.82599653625148,82.68493081453184,0.5128023799514799,3.595713702438666,0.3843467028159769,1023.0333611255622,0.8232462170323052,0,1,0,0,2,10000.0,2,0.4,0,0.0,0.0,1,2
Hyderabad,Telangana,17.473739241983534,78.497799586181,22,3,5,45.07575055866391,53.02971938130912,6.754412973914046,11.428681599421495,0.15170275879258452,1006.9769339899352,0.42612195955779175,0,0,0,1,1,10000.0,2,0.4,0,0.0,0.0,0,0
Hyderabad,Telangana,17.415866225095176,78.5741806408964,14,1,1,30.58910315374643,54.77734037725957,3.043209644162105,8.808568807451117,0.038063634513031706,1017.0680986734768,0.5858499287524233,0,1,0,0,1,10000.0,2,0.4,0,0.0,0.0,0,0
Hyderabad,Telangana,17.4746056009289,78.39326584474136,22,4,6,20.011750366825993,46.22887695876202,1.3310273948503362,3.361813097091204,0.871264201472959,1005.9020415096361,0.7271871076660512,1,0,0,0,1,10000.0,2,0.4,0,0.0,0.0,2,1
Hyderabad,Telangana,17.456440383659732,78.5666601563468,15,0,4,31.90864951922999,79.01961697462548,12.575436067010672,2.2984740618876094,1.8351387066298015,1009.7957381226549,0.8246188309073568,1,0,0,0,0,10000.0,2,0.4,0,0.0,0.0,1,0
Hyderabad,Telangana,17.343043616260694,78.55959694317195,1,1,8,21.5391292283346,86.84537036185212,5.39221570812626,14.830652534788882,0.30584323266495467,993.1047281590634,0.6178436422722974,0,0,0,1,0,10000.0,2,0.4,0,0.0,0.0,1,1
Hyderabad,Telangana,17.290926271583178,78.5841682567678,12,5,3,30.466127451259144,42.04148862773064,14.119555556546757,9.323342585964665,1.6151860116924364,1002.429931152207,0.5581312327573558,0,0,1,0,0,10000.0,2,0.4,0,0.0,0.0,0,0
Hyderabad,Telangana,17.301032703732794,78.462866259215,23,3,12,43.55763696143026,89.508414036797,0.705193433700527,14.301018395392145,1.556342628126601,1007.5314383047568,0.7939913668285755,0,0,1,0,2,10000.0,2,0.4,0,0.0,0.0,2,1
Hyderabad,Telangana,17.42190530484214,78.57194919706376,3,1,7,35.53271275022776,46.142288804395804,3.653826049388169,14.85479412270793,8.279455728764235,1000.5729586505721,0.5353684593683522,1,0,0,0,1,10000.0,2,0.4,0,0.0,0.0,1,0
Hyderabad,Telangana,17.369461623247545,78.55610853619498,11,0,12,29.702467521569105,83.42955422802456,1.7942792714513716,16.045588502112615,0.5238675104737247,1031.5576512795396,0.6039759979584696,1,0,0,0,0,10000.0,2,0.4,0,0.0,0.0,0,1
Hyderabad,Telangana,17.449920280840203,78.43829952949702,19,5,9,20.753930087904983,89.85235010273146,1.4458320246488476,14.46048615942924,1.3639231089296433,1034.7195996412468,0.8190611349406617,0,0,0,1,0,10000.0,2,0.4,0,0.0,0.0,1,1
Hyderabad,Telangana,17.435190727991937,78.3903413235839,23,6,1,15.244628997487323,64.40904198902379,1.3054924985681169,6.571492339869652,0.6700988333171878,1020.227663686129,0.4318391524819937,0,1,0,0,0,10000.0,2,0.4,0,0.0,0.0,2,1
Hyderabad,Telangana,17.47351231479182,78.49101838917191,3,6,1,19.526497272399528,51.482945665628606,26.822230479106853,7.68228537422506,0.5500850424649781,1018.1666070740289,0.6642359799564117,0,1,0,0,1,10000.0,2,0.4,0,0.0,0.0,0,0
Hyderabad,Telangana,17.293396382470437,78.42876617670959,21,5,5,24.11392075790871,76.12455280607367,15.448967852824687,17.46681859226746,0.3191086402936259,999.3892095414983,0.7426297363902783,0,0,1,0,4,10000.0,2,0.4,0,0.0,0.0,1,2
Hyderabad,Telangana,17.48311125942892,78.57153461720556,23,2,3,28.03563165575064,58.01557394290353,10.36184543543683,17.600221560220877,1.6966818951425615,1020.9152825778391,0.8464431174304724,0,0,1,0,4,10000.0,2,0.4,0,0.0,0.0,2,1
Hyderabad,Telangana,17.39088145033352,78.46163362933899,21,5,8,33.37267031831379,49.30909624226713,26.714791426430033,8.045981212254034,2.7477941335672034,986.878701093654,0.9837221910194771,0,0,0,1,1,10000.0,2,0.4,0,0.0,0.0,1,0
Hyderabad,Telangana,17.47604804716582,78.51448059631176,4,3,8,39.64938403447701,48.475670190923054,18.095209945894275,17.35837825147963,4.151087693408264,1010.0494709967442,0.8291033958124073,1,0,0,0,0,10000.0,2,0.4,0,0.0,0.0,2,2
Hyderabad,Telangana,17.459644735401536,78.49491557579438,13,6,4,18.784118449410897,72.82531258242551,3.8414142561330884,9.54772466671507,0.1635898656506353,1023.6312765052799,0.7539171088544079,1,0,0,0,1,10000.0,2,0.4,0,0.0,0.0,1,1
Hyderabad,Telangana,17.361641134353288,78.58110413770324,4,1,10,23.349906456583795,46.42154620987484,12.400023374206883,10.70458415683876,0.2583151480919516,1029.8348160901805,0.6896089767836555,1,0,0,0,0,10000.0,2,0.4,0,0.0,0.0,1,1
Hyderabad,Telangana,17.447046062089278,78.38858489361702,17,1,6,18.40879117691486,61.74076645336264,17.029992555618062,14.334618474091174,1.1433802091359664,1025.3509430836305,0.24566209986921042,0,0,1,0,2,10000.0,2,0.4,0,0.0,0.0,0,1
Hyderabad,Telangana,17.29995437746978,78.51117015748018,13,3,1,23.40384549036933,66.4803628095447,6.441367764346219,15.822204831908008,0.16261542180285804,1030.9587300055107,0.6327487929775959,0,0,1,0,2,10000.0,2,0.4,0,0.0,0.0,1,0
Hyderabad,Telangana,17.453048252847207,78.53994935602104,11,6,12,23.116644815197194,49.60543928857092,11.813381615765369,11.325758404545779,0.053799597376079554,1011.4399460989174,0.9516234345029445,1,0,0,0,0,10000.0,2,0.4,0,0.0,0.0,1,1
Hyderabad,Telangana,17.33409900570073,78.52292611427,21,2,12,19.962924761916543,74.50505211649269,1.3454442280550616,9.624036389353607,0.3166086402789016,1019.4940926989655,0.8171379432604297,1,0,0,0,0,10000.0,2,0.4,0,0.0,0.0,1,1
Hyderabad,Telangana,17.31560453047565,78.52693486141635,15,1,9,32.82156943926616,89.66292141260914,10.482574767922285,15.697413740238284,1.4151923769830659,1012.6167670960067,0.4976160635141223,0,1,0,0,3,10000.0,2,0.4,0,0.0,0.0,0,0
Hyderabad,Telangana,17.477382836120075,78.42338502293798,0,4,11,30.253327866696928,40.25384786067286,6.591556612458791,6.359943528626625,0.3046199752704332,1032.4066902109462,0.6111839666097908,0,0,1,0,1,10000.0,2,0.4,0,0.0,0.0,1,1
Hyderabad,Telangana,17.353936948405508,78.40797052794115,12,6,7,28.848727707840375,85.17117275137036,11.770755425458644,4.574094541882954,6.186589159790637,1004.2068754227961,0.8783012379871996,0,0,1,0,0,10000.0,2,0.4,0,0.0,0.0,1,0
Hyderabad,Telangana,17.28987891982297,78.4082064386758,21,6,11,32.3208883177833,73.83642196328023,4.1017911699001965,17.035677460802297,0.6842255484007277,986.5265981437532,0.6765446077016934,0,0,0,1,1,10000.0,2,0.4,0,0.0,0.0,1,1
Hyderabad,Telangana,17.41856565377012,78.39717348933667,11,5,4,25.749372054131694,74.48913443522542,7.444249284986984,1.893291207262861,0.06424468964476403,1025.493795195312,0.913637200449755,0,0,1,0,1,10000.0,2,0.4,0,0.0,0.0,1,0
Hyderabad,Telangana,17.31836716876696,78.48946709970126,1,3,12,29.595390152904212,74.80636014716367,12.155165373188941,8.741034107902259,0.5655595153822182,1008.8866258484984,0.9294733875364473,0,0,0,1,3,10000.0,2,0.4,0,0.0,0.0,2,3
Hyderabad,Telangana,17.3451295078139,78.55313285495234,20,0,12,27.773459031390125,85.83528918937405,7.0068386987819595,8.189452593438924,0.5389612100118455,999.335080869263,0.25892987713363663,0,0,1,0,2,10000.0,2,0.4,0,0.0,0.0,0,1
Hyderabad,Telangana,17.399941559463137,78.48445947898601,20,2,2,41.79011904915566,66.84470276756264,1.8742892773495126,9.029822808943416,0.04763714920390728,1009.9018267632063,0.8101182833482875,0,1,0,0,0,10000.0,2,0.4,0,0.0,0.0,1,0
Hyderabad,Telangana,17.462442194561998,78.53487300494854,20,6,4,40.925941564141056,89.18769663127188,1.6864529976223317,11.427645885481207,1.9848750617543585,986.5863265524615,0.955060928719771,0,0,0,1,1,10000.0,2,0.4,0,0.0,0.0,1,1
Hyderabad,Telangana,17.475858105664052,78.57157749039527,5,1,7,44.41445850003083,49.60357149101132,1.2935384440128423,6.778596261913835,3.4506065468660485,1035.4569163056235,0.768692021160044,0,1,0,0,5,10000.0,2,0.4,0,0.0,0.0,2,2
Hyderabad,Telangana,17.375616734581143,78.39721786212469,10,2,11,24.681364938980984,89.15718339654549,8.305549422680972,14.108909082036838,0.7803208380148288,1030.0396907623508,0.4717706621799787,0,1,0,0,0,10000.0,2,0.4,0,0.0,0.0,0,0
Hyderabad,Telangana,17.306768933144003,78.46096554738631,10,2,6,22.63498115682503,68.67251780433674,1.961834086866342,7.353633428006761,4.5105146340990405,983.2367657780977,0.3939089521191441,0,0,0,1,2,10000.0,2,0.4,0,0.0,0.0,0,0
Hyderabad,Telangana,17.29343502741057,78.40732257193326,2,6,6,27.33787357113282,66.81728591535443,6.609022903910846,13.673846979838421,1.0512059646901304,1013.87764255818,0.3894009356748251,0,0,1,0,1,10000.0,2,0.4,0,0.0,0.0,1,1
Hyderabad,Telangana,17.399456126085276,78.48267535222665,13,1,3,23.62400278788431,63.67541075985429,1.6873111299097923,8.179325531292926,0.3831798250316747,1019.5571032908782,0.663996657519785,1,0,0,0,2,10000.0,2,0.4,0,0.0,0.0,1,0
Hyderabad,Telangana,17.32452569628351,78.41969164422756,15,3,5,11.49743156179688,60.13117265718171,2.7200959720325075,18.88292680818387,1.1497851188710988,996.4091443415073,0.6144795743666851,0,1,0,0,1,10000.0,2,0.4,0,0.0,0.0,0,0
Hyderabad,Telangana,17.47469717185861,78.49772833397559,23,0,7,23.950318193278868,53.111239425941825,8.915506287425915,11.351385406273563,1.2701516787663987,1009.7561817204826,0.845819603388772,1,0,0,0,0,10000.0,2,0.4,0,0.0,0.0,1,0
Hyderabad,Telangana,17.45140655269062,78.50135595433866,7,4,2,27.886955219178166,77.93436866204843,15.272896132448277,18.496122035141006,0.1960634759412429,1025.4185104054177,0.8150596958747622,1,0,0,0,3,10000.0,2,0.4,0,0.0,0.0,2,2
Hyderabad,Telangana,17.383149046976193,78.52838515724082,15,3,8,26.483163822108615,43.085929209778875,16.097052758362295,19.401461443416434,10.687793719291717,1006.6135009855897,0.6404686078604018,1,0,0,0,0,10000.0,2,0.4,0,0.0,0.0,0,0
Ahmedabad,Gujarat,22.99442818852717,72.63960953842751,5,0,10,36.79576725111742,42.76407043438006,1.5195024255787206,15.377720136837311,1.0459168992490104,988.6105261639934,0.6224625717794335,0,1,0,0,1,8000.0,3,0.6,0,0.2,0.0,1,0
Ahmedabad,Gujarat,22.955207257148658,72.55731843045817,17,6,5,21.93203537851387,59.92808282475636,20.758905979971832,17.60669465774366,0.036929135749649684,1006.022382623242,0.6712236232664907,0,0,0,1,0,8000.0,3,0.6,0,0.2,0.0,0,0
Ahmedabad,Gujarat,23.037466845991762,72.65335086946784,16,3,6,18.141411964428123,77.14148574718675,15.120927276969155,12.559397460930247,1.2874075271198715,1009.9600254376975,0.3708910129020458,0,0,1,0,1,8000.0,3,0.6,0,0.2,0.0,0,0
Ahmedabad,Gujarat,23.03662316944255,72.608899278931,11,4,11,28.414885212548278,66.612030786067,7.177950182332927,3.093131697409143,0.20564125527508695,1028.1851404104088,0.9282879835617359,0,1,0,0,0,8000.0,3,0.6,0,0.2,0.0,0,0
Ahmedabad,Gujarat,23.032179942767037,72.606257099914,1,0,12,32.77682073886129,50.48698448151998,4.978938552294017,3.661259343801923,0.41532239670732507,1018.0843441127194,0.3047697407034955,0,0,0,1,2,8000.0,3,0.6,0,0.2,0.0,1,1
Ahmedabad,Gujarat,22.985522996841354,72.62140661595194,18,2,3,10.414525371152465,48.51116090417628,11.564669792742318,3.686512858103119,0.008010261398841497,1005.6696502345748,0.8887642216997715,0,1,0,0,0,8000.0,3,0.6,0,0.2,0.0,1,2
Ahmedabad,Gujarat,23.048991197457237,72.64828668616511,12,3,8,38.13353434274067,50.30080005453854,2.2119121459151225,9.015517198617454,1.6640626147990785,1044.2394241875659,0.7957191621323202,0,0,0,1,0,8000.0,3,0.6,0,0.2,0.0,1,1
Ahmedabad,Gujarat,23.085968347864405,72.6096227355233,11,1,3,25.173744866899877,81.67358626580352,5.713733829905422,16.802548636062212,0.58623269293784,989.9776166021555,0.5714352673534014,0,1,0,0,1,8000.0,3,0.6,0,0.2,0.0,0,0
Ahmedabad,Gujarat,22.9464856446955,72.54306270500294,14,2,8,17.01961381235755,56.98169753351051,20.464199297614712,18.605924786576924,0.12153977913364948,1036.6782952302508,0.9150610977126182,0,0,1,0,0,8000.0,3,0.6,0,0.2,0.0,1,1
Ahmedabad,Gujarat,23.093442681815063,72.52271273790154,20,4,7,16.859926343300994,47.98885737349911,15.432431461883574,7.433393901941237,0.05004764870939367,1031.7083786893304,0.5645807038614299,0,0,1,0,1,8000.0,3,0.6,0,0.2,0.0,0,0
Ahmedabad,Gujarat,22.958132300622264,72.60170198110526,16,4,7,20.308657898916767,68.56929176124143,3.9299544107065385,7.23695744745781,3.863382346842192,1000.9644241078104,0.9127424001728444,1,0,0,0,1,8000.0,3,0.6,0,0.2,0.0,1,0
Ahmedabad,Gujarat,23.068550392122123,72.66571529198224,16,2,4,32.316693448092124,55.407090029148236,42.62873860243798,4.510792710189958,0.07544700199581254,1007.5541787035464,0.4669912281163546,0,1,0,0,2,8000.0,3,0.6,0,0.2,0.0,1,1
Ahmedabad,Gujarat,22.996983494171054,72.56395738789678,20,6,6,35.40660865075645,74.1890368197601,28.887946162627237,10.968182568687011,0.33235940100946226,1016.2692343792681,0.5483969038872617,0,0,1,0,1,8000.0,3,0.6,0,0.2,0.0,1,0
Ahmedabad,Gujarat,22.98981095859849,72.54598137104786,2,6,7,28.452815157643133,72.73870501299575,4.126360121933597,1.9422089505630513,2.8116978617638018,1013.1801903136324,0.646376399240875,0,0,1,0,1,8000.0,3,0.6,0,0.2,0.0,1,0
Ahmedabad,Gujarat,22.98686159247308,72.61574446229311,22,0,10,27.723199492943053,62.22257745034871,10.939390488647398,13.692981424487748,0.8861429343921507,1020.830844362294,0.9259048221832068,0,0,0,1,2,8000.0,3,0.6,0,0.2,0.0,2,1
Ahmedabad,Gujarat,22.97716356128109,72.50678994282566,1,5,1,25.738327322223792,81.42761378396796,7.580670228349785,16.969288469917544,0.1793640586315998,985.6027689182246,0.878362641497366,1,0,0,0,1,8000.0,3,0.6,0,0.2,0.0,2,0
Ahmedabad,Gujarat,22.941775258404682,72.66345358778864,4,4,4,38.33173883462927,82.49265515467457,0.6563231106347761,14.643603346743756,0.8837820241783705,1009.0432436507829,0.6060536269976704,0,0,1,0,2,8000.0,3,0.6,0,0.2,0.0,2,2
Ahmedabad,Gujarat,23.095306338952696,72.47667027689411,4,2,7,24.21503830760998,86.00209420883935,4.906903843630227,8.287281679763918,0.6956708668767647,1006.9228771786638,0.8534705075929415,0,0,0,1,0,8000.0,3,0.6,0,0.2,0.0,2,2
Ahmedabad,Gujarat,22.949657349027945,72.59338893408908,3,6,1,30.361558772197057,82.47636543556095,6.676401079848211,10.85778244261206,0.3983912598539015,1016.8034212984317,0.9166171977172247,1,0,0,0,1,8000.0,3,0.6,0,0.2,0.0,3,2
Ahmedabad,Gujarat,23.096569124193653,72.6220673783862,5,1,12,32.465802289140136,76.3022831550007,18.341345377438863,10.296813008235825,1.4874242321704123,1001.1814210401757,0.5383152512245131,1,0,0,0,1,8000.0,3,0.6,0,0.2,0.0,1,1
Ahmedabad,Gujarat,22.99426470333587,72.50260907164508,10,4,5,35.27204653903384,52.85189576267251,4.008027573491874,10.91417394618532,0.1514067736453261,993.6224494694176,0.7418863898363125,0,1,0,0,0,8000.0,3,0.6,0,0.2,0.0,1,1
Ahmedabad,Gujarat,23.102217309162445,72.57500115778019,7,4,1,23.415527613632314,53.88264008622103,10.560639774292618,16.653848817910955,0.04560200826711905,997.7945195518276,0.901087915831017,0,1,0,0,2,8000.0,3,0.6,0,0.2,0.0,1,1
Ahmedabad,Gujarat,23.061663301012462,72.65191499704822,5,5,2,44.03922054386331,61.897470188512116,0.4445791982859007,15.829865373804534,0.664583998411922,991.1144490360407,0.754200378548025,0,1,0,0,0,8000.0,3,0.6,0,0.2,0.0,2,2
Ahmedabad,Gujarat,23.10853114905375,72.48760689672764,9,2,12,24.85863795835567,69.58696322294016,14.287964301377539,8.384293410769821,1.6480047062861316,1014.8167072628195,0.6749096009084093,0,1,0,0,0,8000.0,3,0.6,0,0.2,0.0,0,0
Ahmedabad,Gujarat,23.04504461697708,72.62629896394095,23,1,6,37.33390566584818,50.70398741473877,5.587461758493859,15.559770604526282,1.0389900877048697,982.1933581391792,0.8950601856825703,0,1,0,0,1,8000.0,3,0.6,0,0.2,0.0,1,1
Ahmedabad,Gujarat,23.010401495809106,72.66177098584558,4,4,9,25.983887400743285,60.469044179885536,6.052063984288406,12.580964292960747,1.382393667182138,988.6741344469102,0.5785401364728747,0,0,1,0,0,8000.0,3,0.6,0,0.2,0.0,1,1
Ahmedabad,Gujarat,22.953992438189097,72.515970832051,12,4,11,18.053602634610062,59.556383709190015,0.7966347899869195,8.613242326970465,0.06027774620970874,997.8836856854018,0.9055835367488697,0,1,0,0,1,8000.0,3,0.6,0,0.2,0.0,1,1
Ahmedabad,Gujarat,23.050658220864154,72.54294597106349,3,2,5,39.595717202999126,64.27232155524793,1.7455688287090751,14.796801165799362,0.9630194222108751,1033.1981384582475,0.7810425573945438,1,0,0,0,0,8000.0,3,0.6,0,0.2,0.0,2,2
Ahmedabad,Gujarat,22.983137484800903,72.49020640657605,8,2,5,35.976781040532835,87.091420805825,3.420236882816358,6.9759375131325925,0.8640819799229339,1017.6966728886806,0.5846750039436459,0,1,0,0,0,8000.0,3,0.6,0,0.2,0.0,0,0
Ahmedabad,Gujarat,22.926675511367353,72.61263141116669,2,6,5,31.90685774546588,54.98365775063176,4.289424914162508,2.290741225608624,0.17528485286247492,1033.9290706223094,0.8446120924089804,1,0,0,0,1,8000.0,3,0.6,0,0.2,0.0,2,2
Ahmedabad,Gujarat,23.108473580033213,72.59802167265143,16,0,5,16.504497796769954,86.66170703875167,22.823487591185092,10.696686018650336,0.03691431713411219,982.8355470992831,0.6985113224289918,0,0,0,1,3,8000.0,3,0.6,0,0.2,0.0,1,1
Ahmedabad,Gujarat,23.078763139642575,72.62933069793944,12,6,4,36.306786696596824,41.76432981552744,7.09484481606999,8.273695544704886,0.21067100156912727,1019.6767596963131,0.7085926395898896,0,0,1,0,0,8000.0,3,0.6,0,0.2,0.0,1,0
Ahmedabad,Gujarat,22.97784462547673,72.59557273438604,8,6,12,23.12179404038286,51.29690769184684,2.622881691195442,6.99844027550337,0.624770769459611,1025.7428354617234,0.491881568067077,0,1,0,0,0,8000.0,3,0.6,0,0.2,0.0,0,1
Ahmedabad,Gujarat,22.95175329804319,72.57096015129066,12,4,1,19.44225503092246,55.612243748924506,19.74332360354555,14.125782045142044,0.17085534197288602,1007.6348867265715,0.8080171022305443,0,1,0,0,3,8000.0,3,0.6,0,0.2,0.0,1,2
Ahmedabad,Gujarat,22.94174917420434,72.66731238818139,14,3,6,28.047507367813104,85.55495989067717,3.2910570099137795,12.85569607483138,1.3832524897329166,1023.8041932907291,0.6456320663725412,1,0,0,0,0,8000.0,3,0.6,0,0.2,0.0,0,0
Ahmedabad,Gujarat,23.02854782837116,72.62600042859286,4,0,11,26.348598406840793,76.28250909397579,42.95149639293466,13.874222063014077,0.0226891568423868,991.6713636343861,0.6986438899862718,1,0,0,0,0,8000.0,3,0.6,0,0.2,0.0,0,1
Ahmedabad,Gujarat,22.941065356154763,72.51107891658592,21,3,8,24.645905838166637,82.34187422134573,21.8933621058208,16.734486224721763,1.3085528349634405,990.8134229620854,0.8930489083421883,0,0,1,0,3,8000.0,3,0.6,0,0.2,0.0,1,1
Ahmedabad,Gujarat,22.922784660344355,72.6658837204117,23,2,7,15.018211480073502,69.71449732531931,0.9150407473442751,8.503437269468908,1.058218801419771,985.9914900397597,0.6280692525488999,0,0,0,1,1,8000.0,3,0.6,0,0.2,0.0,0,0
Ahmedabad,Gujarat,23.086041756046427,72.5570525395217,6,3,3,17.761144752325684,87.03600550074887,8.012505421096254,9.280038028655397,0.25470086344436726,1038.8007383473303,0.5854068125031571,0,1,0,0,1,8000.0,3,0.6,0,0.2,0.0,0,0
Ahmedabad,Gujarat,22.943663033963308,72.66150111610995,21,5,11,29.542790665671923,62.016318715404026,7.506642143990854,3.6060966805353893,1.8049839290867973,967.069985672371,0.8812476944314245,0,0,0,1,1,8000.0,3,0.6,0,0.2,0.0,1,1
Chennai,Tamil Nadu,13.028006336984708,80.36913651920071,17,3,12,38.80604207084768,75.88321016203548,1.7364185353807162,5.618561975995128,0.1387990382975158,1013.4632738755218,0.658646324096331,0,0,1,0,5,11000.0,3,0.6,1,0.0,0.0,1,0
Chennai,Tamil Nadu,13.061946984000876,80.17780718066885,1,1,5,27.285040050655837,41.19009435142296,3.8264317594040893,16.81413142706863,0.7207800818150983,993.2344982737148,0.42661643779417413,1,0,0,0,3,11000.0,3,0.6,1,0.0,0.0,2,2
Chennai,Tamil Nadu,13.025732657519832,80.18799820166642,21,4,4,22.75167780490422,63.31862139467289,2.3395309234899027,17.074856772766534,0.17056237729089319,1010.379616485763,0.6098819471242585,0,1,0,0,0,11000.0,3,0.6,1,0.0,0.0,0,0
Chennai,Tamil Nadu,13.159711532455361,80.32154468170295,3,3,2,14.035741879252704,77.54045062663675,6.8395298532594,1.040728466307675,0.4726967151285832,1003.4843409379437,0.6964574723781822,0,1,0,0,0,11000.0,3,0.6,1,0.0,0.0,2,2
Chennai,Tamil Nadu,13.066068353137167,80.24802736615693,13,0,9,22.788004063247453,76.41276896067305,2.2721759495553058,18.679513818951122,0.6714902006941593,1013.4454598626185,0.9721269580666585,0,1,0,0,1,11000.0,3,0.6,1,0.0,0.0,1,1
Chennai,Tamil Nadu,13.05637737338905,80.2488663250279,11,1,10,35.700900986137036,63.37972141398679,1.4381744272751082,15.41821533919983,0.06976558218829447,1011.5984522129557,0.8012431394009637,1,0,0,0,2,11000.0,3,0.6,1,0.0,0.0,2,1
Chennai,Tamil Nadu,13.045269814657269,80.26311665681786,23,0,6,18.033571872487386,81.07665693883973,11.50210850682482,16.66920754022346,0.7652324892801124,1031.9079921118478,0.9234738265159746,0,1,0,0,0,11000.0,3,0.6,1,0.0,0.0,2,1
Chennai,Tamil Nadu,13.157592303526837,80.2211865111032,22,6,9,27.540137110174083,57.017632044824225,3.8963657829962246,4.257997444166544,3.0189172289212056,989.6967311615014,0.859746722310772,0,0,0,1,1,11000.0,3,0.6,1,0.0,0.0,2,2
Chennai,Tamil Nadu,13.104394251968776,80.35222077596603,11,6,11,14.810387559195256,69.27951770961346,3.029311011904145,16.800335915647672,0.4399306557087669,979.8764215552853,0.668520341943033,0,0,0,1,5,11000.0,3,0.6,1,0.0,0.0,1,1
Chennai,Tamil Nadu,13.046621688150308,80.35369662575992,23,5,1,26.638765506495766,80.81698695561919,9.802757364826046,3.736551496493436,0.384212270286025,1002.6566431098908,0.9677326544170017,0,0,1,0,2,11000.0,3,0.6,1,0.0,0.0,3,3
Chennai,Tamil Nadu,13.13028041006473,80.28774926171667,2,1,10,29.90915476717737,49.81883507502846,1.8637515571112049,3.762720567826527,0.15005725113653007,996.2325629089493,0.7633797390062351,0,0,1,0,2,11000.0,3,0.6,1,0.0,0.0,3,2
Chennai,Tamil Nadu,13.059188792630591,80.21694715756136,4,0,2,30.343766384669067,72.63523090453414,3.7552626980829458,12.994078715986928,0.12183960144043508,1004.6213298272984,0.4923653961338956,0,0,1,0,2,11000.0,3,0.6,1,0.0,0.0,2,2
Chennai,Tamil Nadu,13.066557251455558,80.32740250368975,17,5,1,35.438783067855056,67.97387165196793,8.522683907804025,3.2395864728927455,0.2558669540460348,972.0829621628585,0.448754441300324,0,1,0,0,5,11000.0,3,0.6,1,0.0,0.0,1,1
Chennai,Tamil Nadu,13.043058276107487,80.26173896495574,13,2,2,22.964503162531393,51.54637700627468,4.524985520153138,7.797881624001911,0.1411375439281809,990.2475202533535,0.6758146113511428,0,0,1,0,0,11000.0,3,0.6,1,0.0,0.0,1,1
Chennai,Tamil Nadu,13.1309956431854,80.25546825963228,5,5,1,49.306103385011085,40.420502687714986,9.92347743072068,8.73311052288821,0.5402527835117493,1015.7214773739271,0.8133084229866252,1,0,0,0,0,11000.0,3,0.6,1,0.0,0.0,3,3
Chennai,Tamil Nadu,13.066696600543438,80.27098769528067,2,5,12,36.25845010655142,46.22121395603533,0.2495259539099157,13.692893343771429,0.3231981718796438,1017.9810924642888,0.8084296856438418,0,0,0,1,1,11000.0,3,0.6,1,0.0,0.0,3,2
Chennai,Tamil Nadu,13.125622030508135,80.29378128394391,21,1,12,13.417514576907744,85.56948380622163,3.31482219402616,13.306947897070327,0.4855396294694978,1025.8893160181306,0.773835477400852,1,0,0,0,0,11000.0,3,0.6,1,0.0,0.0,1,1
Chennai,Tamil Nadu,13.153080635703347,80.32940571298944,11,6,9,24.99958378082518,52.60858771265207,6.535049086827719,12.432228540016185,1.0485103539535015,1001.9394321307651,0.7868949295855098,0,0,1,0,5,11000.0,3,0.6,1,0.0,0.0,2,2
Chennai,Tamil Nadu,13.005645879571341,80.20659896156126,20,0,6,24.787438834165307,72.17566651600639,6.291344918689406,16.593582818784043,3.422824550789377,1016.8460714817658,0.5894517205924761,0,0,1,0,1,11000.0,3,0.6,1,0.0,0.0,0,0
Chennai,Tamil Nadu,13.141671670886971,80.34347094338793,21,3,4,25.84485568462205,45.889344342729764,2.23037111005389,10.698658330774068,0.1573768963717758,1001.9885521697508,0.8732502973711097,0,0,1,0,4,11000.0,3,0.6,1,0.0,0.0,2,2
Chennai,Tamil Nadu,13.134367000872588,80.24301385185157,8,5,6,32.48422985843238,69.62107895598673,1.5660003530427482,15.187315666380336,1.0079430199905985,1020.1287398071682,0.43255850943401936,0,0,0,1,0,11000.0,3,0.6,1,0.0,0.0,1,0
Chennai,Tamil Nadu,13.110284349259834,80.35609885464098,17,2,11,19.891973861303647,82.6821369687327,7.011528497242514,4.6717063081299575,0.4211281544474473,1010.9344479845782,0.7644090496006573,1,0,0,0,0,11000.0,3,0.6,1,0.0,0.0,1,1
Chennai,Tamil Nadu,12.992230244888098,80.27014324085577,8,6,9,33.45820512591497,87.15754345861859,5.058862264456019,19.02149348015158,11.798471622496647,1000.5709786856668,0.5658127294781754,0,1,0,0,4,11000.0,3,0.6,1,0.0,0.0,1,2
Chennai,Tamil Nadu,13.127969846860594,80.30080040615371,11,1,12,29.64985812105216,55.75704399139519,13.074886859856598,4.159596923050197,0.19479576696121487,1019.112969531667,0.9715933482090602,0,0,1,0,0,11000.0,3,0.6,1,0.0,0.0,2,2
Chennai,Tamil Nadu,13.158100618782447,80.28684919170713,18,1,3,16.831046760857255,59.135039401091475,2.6397459241874994,6.106130423000742,0.2694144635616489,1016.2944582956417,0.6910401250763356,0,1,0,0,0,11000.0,3,0.6,1,0.0,0.0,1,0
Chennai,Tamil Nadu,13.00895303785907,80.28781920845091,8,6,3,27.484321841408548,62.02986846225399,14.993598671731224,9.641362236377685,0.5905933635419784,1029.243973652833,0.8120767307171349,0,1,0,0,2,11000.0,3,0.6,1,0.0,0.0,2,3
Chennai,Tamil Nadu,13.041918485497922,80.2332508170645,23,1,6,36.137187803278586,61.78137186982201,1.841330277295123,12.765919440218081,1.8674878816523621,1014.0876829606601,0.7280519910961599,0,0,1,0,0,11000.0,3,0.6,1,0.0,0.0,3,3
Chennai,Tamil Nadu,13.00064115973149,80.23867867580414,15,1,8,26.83960124835017,79.26925587924114,1.4751636736646945,9.81396775118408,1.0718026111815149,1011.9310275803515,0.7595521413990124,0,0,0,1,1,11000.0,3,0.6,1,0.0,0.0,1,1
Chennai,Tamil Nadu,13.165462890380121,80.30806788124194,1,5,1,14.597958946934739,52.124852824824785,8.89738485413941,16.88607113435952,0.16571510859851404,1037.765698942547,0.34941316110397536,0,0,1,0,2,11000.0,3,0.6,1,0.0,0.0,2,2
Chennai,Tamil Nadu,13.075151059263726,80.35439167216589,15,3,10,32.339902542757315,70.02710451501241,6.708964114104181,4.640950384981765,0.36083286001450593,1017.689175194802,0.8429497715935202,0,0,0,1,5,11000.0,3,0.6,1,0.0,0.0,2,2
Chennai,Tamil Nadu,13.017122865789283,80.31771724605434,0,3,8,16.246413133814812,73.52640869859982,12.043030000831882,11.273952279647187,0.21286827067120878,1018.6433195420235,0.859744712110793,1,0,0,0,1,11000.0,3,0.6,1,0.0,0.0,2,2
Chennai,Tamil Nadu,13.06412527125167,80.21720073535441,21,1,7,20.316741025008383,68.53987321020475,5.866902175503852,5.956897539564801,9.322398244503693,1041.1660863978216,0.8873653868804584,1,0,0,0,2,11000.0,3,0.6,1,0.0,0.0,1,2
Chennai,Tamil Nadu,13.02963346059244,80.2749624478771,9,0,12,19.422759914948347,83.98316820057951,5.039404299247792,18.70196643116948,0.4150453376105981,993.0349695449238,0.5617589609349494,0,0,1,0,1,11000.0,3,0.6,1,0.0,0.0,0,1
Chennai,Tamil Nadu,13.178929164980621,80.19788664342497,14,4,11,24.734074607277325,82.06016667456112,3.616044969251744,7.559184025139994,0.2646899519399044,1011.5049451270752,0.7743598855984726,0,0,1,0,5,11000.0,3,0.6,1,0.0,0.0,2,1
Chennai,Tamil Nadu,12.990082806704798,80.17223232935049,3,2,10,24.540567083951743,48.72652107709182,22.50840543089598,7.000267190829382,0.6504436370791307,1027.4241710499932,0.8947313139070248,0,0,1,0,0,11000.0,3,0.6,1,0.0,0.0,2,1
Chennai,Tamil Nadu,13.0709210797059,80.36040639917468,14,1,9,35.62763173758888,50.544781378715875,3.2640595624712168,6.496491705515012,3.776104163556693,1005.8832115061829,0.43477011197601095,0,1,0,0,1,11000.0,3,0.6,1,0.0,0.0,0,0
Chennai,Tamil Nadu,12.99914185074927,80.2798488777592,6,5,3,20.652543923684753,75.3864984957805,16.62525478586661,10.6520364824025,0.36186610267260944,993.8812565636879,0.671401519519503,1,0,0,0,0,11000.0,3,0.6,1,0.0,0.0,1,1
Chennai,Tamil Nadu,13.169884942588194,80.25295029931169,19,1,3,11.984320614166798,62.63145603363476,1.3716041262933456,10.181566415476658,0.27703872373333865,987.417639229766,0.39384789168308243,0,0,1,0,2,11000.0,3,0.6,1,0.0,0.0,1,1
Chennai,Tamil Nadu,13.12840115153816,80.33594847715194,18,4,5,32.68447055947853,88.2362285382705,1.4293822083471883,9.310050134982836,0.6471925694088103,1008.606425643621,0.9121510085578031,0,0,0,1,0,11000.0,3,0.6,1,0.0,0.0,1,1
Chennai,Tamil Nadu,13.032304755427552,80.36833228422984,23,6,5,31.837739268866812,73.36381346005092,13.064058827765031,4.764925709857424,0.28261033776869154,1012.6047156982959,0.947117409398803,0,0,0,1,2,11000.0,3,0.6,1,0.0,0.0,3,3
Chennai,Tamil Nadu,12.9969223686861,80.29184365823055,20,5,6,12.562025340619538,59.69306122932178,10.506093716825118,19.913259551405964,0.5341629674481113,1000.8517908085977,0.8840054268270982,0,1,0,0,1,11000.0,3,0.6,1,0.0,0.0,2,1
Chennai,Tamil Nadu,12.99632455775198,80.23201473766846,16,5,7,22.362513704968368,52.494271889778524,1.7310017858166757,15.998647767859321,1.4536568888328034,1015.7151020154225,0.8503909467925098,0,0,0,1,0,11000.0,3,0.6,1,0.0,0.0,2,1
Chennai,Tamil Nadu,13.022628147654762,80.24911568081191,2,0,8,27.63957802173056,59.65816139803708,16.204886623357957,3.2169916984051814,1.4031081982747535,1011.9281655418418,0.5397127356516964,1,0,0,0,1,11000.0,3,0.6,1,0.0,0.0,1,1
Chennai,Tamil Nadu,13.129187608517793,80.28649770165244,1,3,2,40.19216350696718,89.51026374460315,4.387490370246972,19.35831436535832,0.35047738178574994,1020.4508618278809,0.46095811087951966,0,0,0,1,2,11000.0,3,0.6,1,0.0,0.0,2,1
Chennai,Tamil Nadu,13.014522379678104,80.25233751752516,4,1,1,24.735760996793974,89.2011736426113,10.661972239325003,13.758516764002836,0.3904306314671748,1004.8107962260046,0.4669627373175239,0,1,0,0,1,11000.0,3,0.6,1,0.0,0.0,0,0
Chennai,Tamil Nadu,13.059773729339383,80.3361590478047,20,3,5,15.454212667540801,80.2331766418026,4.225704893815472,1.7104967939466555,0.06212411416910961,995.8231751568159,0.738924695822457,0,1,0,0,0,11000.0,3,0.6,1,0.0,0.0,1,2
Chennai,Tamil Nadu,13.055318603226802,80.31221079126102,11,2,1,32.77194985216825,42.96398450351124,7.412737986015651,10.230796597868217,0.5880840501417263,1014.2001894816283,0.9062170429156904,0,0,1,0,3,11000.0,3,0.6,1,0.0,0.0,2,3
Chennai,Tamil Nadu,13.078238906588515,80.35214677075453,2,2,6,32.94975253523715,82.56628943316068,28.168803545814278,17.777248861394234,0.5022885425703939,1015.5771545532396,0.9332418352681197,0,1,0,0,0,11000.0,3,0.6,1,0.0,0.0,2,2
Chennai,Tamil Nadu,13.06558278546409,80.36403276369153,13,2,11,36.19307783985652,67.26753712888292,17.292645258508234,9.088446644769405,0.257891394628442,1017.6240161180675,0.5555348264371222,1,0,0,0,1,11000.0,3,0.6,1,0.0,0.0,0,1
Chennai,Tamil Nadu,13.016687612410731,80.26136448047014,21,5,2,27.479729691058076,45.794284057687776,19.061293223004608,14.787942164867937,0.2404544359614473,1029.1700741563552,0.7238560150620235,0,1,0,0,1,11000.0,3,0.6,1,0.0,0.0,2,1
Chennai,Tamil Nadu,13.07493130263464,80.28837512881964,10,4,11,42.344083692382036,43.70342982455576,14.714445973152827,13.72616356018468,0.3829190284241919,1026.774871348598,0.8951855694686516,0,1,0,0,0,11000.0,3,0.6,1,0.0,0.0,1,0
Chennai,Tamil Nadu,13.09820834633828,80.2030389282411,23,4,2,22.34763292065568,85.37030386476138,0.320653387344113,5.120047821818074,0.18170195190721422,1003.4954832775164,0.8746166317932739,0,0,0,1,2,11000.0,3,0.6,1,0.0,0.0,2,1
Chennai,Tamil Nadu,12.997909975596533,80.26867653111913,16,5,6,15.6313133708025,71.82587502360163,0.07673566849815765,6.139693483124969,3.6072442277363668,1022.7708469801357,0.8309119358671454,0,0,0,1,2,11000.0,3,0.6,1,0.0,0.0,3,2
Chennai,Tamil Nadu,13.04778365274062,80.31434824833977,1,1,1,42.68846123814096,69.29842513570028,1.2295320017458269,6.728551380013261,0.39977635325126293,996.9121989228021,0.7700258975734897,0,0,1,0,1,11000.0,3,0.6,1,0.0,0.0,2,2
Chennai,Tamil Nadu,13.030319135105822,80.24162399853043,17,6,10,27.307739336574418,62.94140455980093,38.83305099532397,8.95655373016443,0.11464375289920797,995.0495536096582,0.38477284922379845,1,0,0,0,0,11000.0,3,0.6,1,0.0,0.0,1,1
Kolkata,West Bengal,22.473355132659762,88.37089687294929,1,0,6,30.19547226203925,56.89600394459204,12.819655214641108,7.650135166376012,0.6124978890584087,1006.5109855182898,0.9109775330922177,0,0,1,0,2,15000.0,3,0.6,0,0.0,0.0,2,2
Kolkata,West Bengal,22.625691264801045,88.40843575650743,8,2,11,33.08669770869781,84.53188895996504,6.726910865282306,15.127727176518507,0.5669107523060212,1011.3907881139012,0.5088744854908203,0,0,1,0,0,15000.0,3,0.6,0,0.0,0.0,0,0
Kolkata,West Bengal,22.56910551222938,88.36431602154913,16,5,6,21.48919463834185,64.85144149382953,0.6670846568042164,11.653240867792732,4.944162660879508,1010.8139030629718,0.8556406093559282,0,0,0,1,0,15000.0,3,0.6,0,0.0,0.0,1,1
Kolkata,West Bengal,22.494086260416953,88.41145274097191,21,5,2,23.317375761038292,69.06469836245523,57.137323400222456,19.549687144915904,0.5419051464417675,1004.6090930645398,0.5390358959628281,1,0,0,0,3,15000.0,3,0.6,0,0.0,0.0,1,1
Kolkata,West Bengal,22.479832909342843,88.42836124513482,9,2,8,16.406059874485834,49.21376042814669,7.805594617288652,19.607138551692593,0.3102674124270838,995.5103574440561,0.80574507674436,0,1,0,0,4,15000.0,3,0.6,0,0.0,0.0,2,1
Kolkata,West Bengal,22.520280431461522,88.2688140620365,20,0,8,21.248866328018586,58.052174791469625,10.709634770125911,7.222438522839432,0.9282601829020279,1023.7560622745377,0.8512683064330835,0,0,1,0,2,15000.0,3,0.6,0,0.0,0.0,2,3
Kolkata,West Bengal,22.503845078105286,88.41047534187733,12,1,3,27.418934543695848,74.10580032353687,1.029180557775438,10.616732707213732,0.24668259090197212,981.2425649247207,0.3264427892118701,0,0,1,0,0,15000.0,3,0.6,0,0.0,0.0,0,0
Kolkata,West Bengal,22.619322065917803,88.3181667328367,8,5,8,16.98657063115116,74.4277747870137,5.734962436128778,13.104669000063268,5.322878070167577,992.8854120885622,0.750491878313207,0,1,0,0,0,15000.0,3,0.6,0,0.0,0.0,1,1
Kolkata,West Bengal,22.55075947755605,88.37368120706411,0,1,9,21.524931184533237,49.14333456788437,2.2000558504761742,15.815253491873545,0.02707546929030667,1004.2844613707629,0.5725566753697837,0,0,1,0,0,15000.0,3,0.6,0,0.0,0.0,1,1
Kolkata,West Bengal,22.54132346294715,88.32572925999591,17,0,3,34.625935568101426,79.41804838983444,5.669253721409111,13.23961369560141,0.9396184913848569,1023.3904695122021,0.7725415263796367,1,0,0,0,1,15000.0,3,0.6,0,0.0,0.0,1,1
Kolkata,West Bengal,22.50335213473835,88.30112483495618,22,0,10,44.741110036933435,88.51008081626463,4.841190921457715,2.54518792865645,0.07049197297455868,1010.2335937937298,0.8814024079979247,0,0,0,1,1,15000.0,3,0.6,0,0.0,0.0,2,1
Kolkata,West Bengal,22.53018081297148,88.40978186246409,19,3,11,16.67769422648284,84.67408462718075,5.498684695708459,13.438090566038086,0.37562827220029643,984.4359605008333,0.5188480286892393,0,0,0,1,1,15000.0,3,0.6,0,0.0,0.0,0,0
Kolkata,West Bengal,22.666943201318627,88.39987717795152,22,5,5,27.20689412384349,68.54046227367829,6.078494455109861,13.843838432955971,0.003274911970835549,1011.2262333696864,0.6295867420958894,0,1,0,0,5,15000.0,3,0.6,0,0.0,0.0,1,1
Kolkata,West Bengal,22.64288822047863,88.33629383906762,2,1,6,9.419495880785568,56.31848391825949,8.054640782092186,11.826459701468517,0.33468374125172645,1012.4439525361864,0.6954620508314135,0,0,0,1,1,15000.0,3,0.6,0,0.0,0.0,1,0
Kolkata,West Bengal,22.67131202970654,88.39929982267749,18,6,9,17.267204026675422,89.90791588325544,1.4504455185023923,6.681657353703835,4.424138587814431,1000.2361698569722,0.7850010713078178,0,1,0,0,1,15000.0,3,0.6,0,0.0,0.0,0,0
Kolkata,West Bengal,22.67013555916371,88.27731604872429,14,5,6,25.14882281299351,56.359196650633464,3.7737654250735724,16.87061651142571,0.25975273376998026,994.5686337519143,0.8082658622107545,0,0,0,1,0,15000.0,3,0.6,0,0.0,0.0,1,0
Kolkata,West Bengal,22.515375682648838,88.44447721583056,16,0,4,36.37869796117358,83.02217000611745,5.529399903514825,7.963302653459685,0.2365448529083428,987.9102818141624,0.5846318146840004,0,0,1,0,0,15000.0,3,0.6,0,0.0,0.0,0,0
Kolkata,West Bengal,22.576820823410362,88.33134098379472,7,2,4,28.239794617552676,52.29846764657834,12.704110534444087,11.533645468347201,0.1311912948572579,1011.7735753515121,0.9819217761735453,0,0,1,0,2,15000.0,3,0.6,0,0.0,0.0,2,1
Kolkata,West Bengal,22.489228716181604,88.3080204917839,9,3,1,29.739272594656693,57.96194286847891,11.489732148490873,14.11099516662235,0.2772076649059534,976.3134418383105,0.5057908233397843,0,1,0,0,0,15000.0,3,0.6,0,0.0,0.0,0,0
Kolkata,West Bengal,22.501088970635237,88.45846679783182,4,3,6,40.23963558671986,83.05191938414998,0.8812991308378335,11.616918855856113,0.12760438315432898,1001.7934711159182,0.628595844019901,0,0,1,0,1,15000.0,3,0.6,0,0.0,0.0,1,1
Kolkata,West Bengal,22.486938759969533,88.39853977975571,2,3,5,37.043997048091114,55.066500656581525,4.450537249273327,19.774864843343327,0.23210106625207488,986.6938348208678,0.6970534397103524,1,0,0,0,2,15000.0,3,0.6,0,0.0,0.0,1,1
Kolkata,West Bengal,22.51664301786059,88.29475301200455,4,4,1,24.68288263546402,64.58117725154001,25.181889435935787,19.177455597028825,0.2533540168906312,1026.472203894703,0.6388207629926882,0,0,1,0,3,15000.0,3,0.6,0,0.0,0.0,2,2
Kolkata,West Bengal,22.619355560637562,88.42503078509996,13,0,5,24.077032871578595,85.86663699965223,0.3260606886765141,18.389606010614216,0.029066404688074098,996.7363732757169,0.7999657311956077,0,0,0,1,1,15000.0,3,0.6,0,0.0,0.0,1,0
Kolkata,West Bengal,22.488718611803012,88.41691829314628,5,1,7,34.101850559243715,51.52953921736787,3.0765688733403,18.7721152637486,0.7311804540651409,1021.2683222996139,0.8446918702291317,1,0,0,0,5,15000.0,3,0.6,0,0.0,0.0,2,2
Kolkata,West Bengal,22.643769720623652,88.43419281952988,14,2,4,22.127546436754074,58.583152319406686,11.300459799674012,14.384160855007025,0.22993486815163772,1002.5478736683623,0.6487406310316036,0,0,0,1,0,15000.0,3,0.6,0,0.0,0.0,0,0
Kolkata,West Bengal,22.670565904127496,88.28705101498672,22,1,7,29.63327299431441,65.95788712673551,10.661839740280017,9.415853829171438,2.441403523329569,1006.469991033768,0.5769001635668162,0,1,0,0,5,15000.0,3,0.6,0,0.0,0.0,2,2
Kolkata,West Bengal,22.549413124836033,88.42073305343274,12,0,12,20.5332985499673,54.02769756694235,8.461481564089008,7.450317461639715,0.9058493144043194,1001.171328132349,0.5910014057156067,0,0,1,0,1,15000.0,3,0.6,0,0.0,0.0,0,0
Kolkata,West Bengal,22.50310256822337,88.43216867655947,11,4,12,26.70818523412964,64.41643856019843,2.104735035883272,10.773405366164875,0.4912406541726107,1026.3017906713865,0.7687567147243545,0,0,1,0,1,15000.0,3,0.6,0,0.0,0.0,1,1
Kolkata,West Bengal,22.554465956387656,88.46044638264898,12,3,12,23.51147004263931,73.26667654938473,12.163046918533695,14.580762953435746,0.017931359882721702,1034.924108839355,0.6777511227835082,0,1,0,0,0,15000.0,3,0.6,0,0.0,0.0,0,0
Kolkata,West Bengal,22.58981296087999,88.3029112613847,10,6,3,26.283963857841346,64.080598668986,3.594416544143284,5.93607160267736,0.22562168746114178,986.331764845304,0.8532068758522103,0,1,0,0,1,15000.0,3,0.6,0,0.0,0.0,1,1
Kolkata,West Bengal,22.61564844480944,88.44569313055756,18,2,6,37.99309001056954,64.97893848111997,14.92725497793967,2.177497844767361,1.1659557037421142,994.0768795005984,0.5621041765393048,0,0,0,1,1,15000.0,3,0.6,0,0.0,0.0,1,0
Kolkata,West Bengal,22.662662876486255,88.33988930410251,0,0,6,11.330214433626951,66.51277221521045,4.766534743549648,12.6000951231141,2.7417769615127145,1009.6622614021281,0.6806427017154398,0,0,1,0,4,15000.0,3,0.6,0,0.0,0.0,1,2
Kolkata,West Bengal,22.56137627908836,88.43509779175213,9,1,2,23.663191113553903,80.81338127456306,10.152375986332626,8.76219704833457,0.5330686010494349,985.7947261491162,0.7056304228260972,0,0,1,0,3,15000.0,3,0.6,0,0.0,0.0,2,1
Kolkata,West Bengal,22.608158757774305,88.32849712561168,12,6,6,26.788972587311967,65.91419916810023,8.356025821418205,12.528124629492098,3.4934591478263157,1015.2243385710652,0.5750683675029905,1,0,0,0,2,15000.0,3,0.6,0,0.0,0.0,1,1
Kolkata,West Bengal,22.477088485527428,88.39484630762918,17,3,9,18.622997190641698,68.22448684006861,2.090692823750027,7.789652387978687,5.74489163766684,1009.1444344990316,0.48549745354230966,0,0,1,0,1,15000.0,3,0.6,0,0.0,0.0,0,0
Kolkata,West Bengal,22.474940341519904,88.4267968277884,7,0,4,33.98116907759471,48.10411246791381,21.430022593561965,8.59820945065865,0.4677031723798716,1022.4447652338583,0.9076757118287715,0,0,1,0,4,15000.0,3,0.6,0,0.0,0.0,1,1
Kolkata,West Bengal,22.559179009929863,88.39084306250722,19,1,10,18.573107529767345,53.123103381179014,17.479130585384613,9.58820773655304,0.9321623470500243,996.020376429826,0.9444485359345871,0,1,0,0,0,15000.0,3,0.6,0,0.0,0.0,1,0
Kolkata,West Bengal,22.61970568726462,88.27575186138742,6,6,2,25.248874840204085,46.16913416676605,9.031037924301026,2.390584743100497,0.708226766834296,1023.7827934590674,0.7549445315851531,0,1,0,0,0,15000.0,3,0.6,0,0.0,0.0,1,1
Kolkata,West Bengal,22.475083883329408,88.37386098919198,4,3,11,28.471496674158715,43.5649051451887,2.6493251390282238,2.1156924216604143,0.272692805614182,1032.6108008974184,0.9713818410530307,0,1,0,0,3,15000.0,3,0.6,0,0.0,0.0,3,2
Kolkata,West Bengal,22.55286194890025,88.4596484876738,0,6,5,17.95391363601056,88.23961555999864,3.344389511024467,18.861181949948666,0.11552272369254438,998.8341213485874,0.7696660369457038,0,0,1,0,3,15000.0,3,0.6,0,0.0,0.0,3,2
Kolkata,West Bengal,22.544163362468336,88.32527815790323,7,6,9,27.706105900637162,89.21825690305616,1.7864219401149852,11.105532179308957,3.506973623262369,996.4294280212767,0.5530815828280856,0,0,0,1,1,15000.0,3,0.6,0,0.0,0.0,1,0
Kolkata,West Bengal,22.540249124616267,88.29793561861999,10,0,3,34.94951835170995,46.01090429919209,9.744286682281103,1.1279382734440784,0.03982775215950717,1021.6128003996176,0.5784598539684255,0,1,0,0,0,15000.0,3,0.6,0,0.0,0.0,0,0
Kolkata,West Bengal,22.629006511721215,88.32588759888475,13,2,6,29.088751841446417,61.61554896492771,16.043675003444207,14.221763031869004,2.3801869989057485,1003.688692218925,0.8702965936015483,1,0,0,0,0,15000.0,3,0.6,0,0.0,0.0,1,1
Kolkata,West Bengal,22.486682744518756,88.3976407224694,7,4,1,23.279298240614196,55.632174579087334,3.4987331090737896,12.812521703878986,0.6961221946699538,1019.7827834705414,0.6855959965887636,0,1,0,0,0,15000.0,3,0.6,0,0.0,0.0,0,0
Kolkata,West Bengal,22.61788581226726,88.41970708420433,13,4,12,29.193408056748694,65.2484573274965,6.725663360098065,10.61299331409695,0.07674818252781393,1000.2370435867738,0.6366431709813637,1,0,0,0,0,15000.0,3,0.6,0,0.0,0.0,0,0
Kolkata,West Bengal,22.617899714140833,88.30038037723983,19,1,11,28.73979546018543,65.34139597046352,5.957668846638457,3.085176148221591,0.062174909549094194,994.4649007903334,0.7157711404750877,0,0,1,0,1,15000.0,3,0.6,0,0.0,0.0,1,1
Kolkata,West Bengal,22.558652832930733,88.36783736483791,2,5,11,22.624640458569967,68.00119227025081,2.721151402624434,18.688395001650033,0.30596580029377635,1009.3374752227159,0.8835778518962156,0,1,0,0,0,15000.0,3,0.6,0,0.0,0.0,1,1
Kolkata,West Bengal,22.614648748248456,88.28494637865403,5,1,9,35.522352668519964,50.473916268063164,4.0176678399980945,4.508280467850543,8.640917384308421,1045.2782354120604,0.7655620882924183,0,0,1,0,1,15000.0,3,0.6,0,0.0,0.0,1,1
Kolkata,West Bengal,22.659485168961712,88.28551103925882,5,6,7,46.08879225390311,68.0476799696673,2.076100496897416,2.597020817802576,1.2787365675210722,993.7260983506972,0.6165632718068731,0,1,0,0,0,15000.0,3,0.6,0,0.0,0.0,1,1
Kolkata,West Bengal,22.487424647365515,88.27379034352697,17,2,3,33.865826238533614,61.269389026405705,8.85311641729243,16.88867048174673,1.131388359602167,1016.5130210278442,0.7075678336835699,0,1,0,0,1,15000.0,3,0.6,0,0.0,0.0,1,1
Kolkata,West Bengal,22.517138223892662,88.31156400904666,20,3,12,27.74717765052304,68.61018109628495,12.77856799479852,18.938320520462163,0.2987020918474281,995.9705446432405,0.9189147569000246,1,0,0,0,1,15000.0,3,0.6,0,0.0,0.0,1,0
Kolkata,West Bengal,22.628103187427865,88.29114967305638,2,2,3,27.110851313710057,62.204928692362806,3.1374504121173192,5.693104443471605,0.458740470343825,988.2659724814038,0.9426793658698374,1,0,0,0,1,15000.0,3,0.6,0,0.0,0.0,2,2
Kolkata,West Bengal,22.55481267538583,88.29799887076733,4,1,5,24.190813381646226,80.27145024044628,16.677322157097418,18.313958753298724,0.33142985387233853,1021.0434437617458,0.9644080246345174,0,1,0,0,5,15000.0,3,0.6,0,0.0,0.0,2,2
Kolkata,West Bengal,22.498016524442747,88.46364478418023,13,0,12,46.63848182524493,50.93797475784352,2.6037434559502004,11.83414904593682,0.16836295430692805,1004.4293460070899,0.6968549143367375,0,1,0,0,0,15000.0,3,0.6,0,0.0,0.0,0,0
Kolkata,West Bengal,22.544240403108102,88.36317856320754,9,1,8,17.23276687358139,44.90377844147174,1.9977999222004394,3.235264772688812,1.6155597988833041,982.5708257733514,0.5161882837073466,0,1,0,0,0,15000.0,3,0.6,0,0.0,0.0,0,1
Kolkata,West Bengal,22.59918499890624,88.459884813249,1,4,1,27.912544450714915,50.2379020127937,5.254573294657679,9.831309425781587,0.6617828233581831,996.7525991494589,0.8504128555703399,0,1,0,0,2,15000.0,3,0.6,0,0.0,0.0,2,2
Kolkata,West Bengal,22.579359150291694,88.43644043501436,22,4,2,29.25528149383168,58.64926624498811,1.6868062381832285,15.031596104575751,0.9567180337121071,991.7313241373461,0.9524722048389737,0,0,0,1,1,15000.0,3,0.6,0,0.0,0.0,2,2
Kolkata,West Bengal,22.599795281858743,88.34465625094528,10,0,1,27.045373291257512,41.29105859823192,3.241758905464241,17.464825464497306,1.9529729660046495,1025.6041205947179,0.6901351763606258,0,0,0,1,2,15000.0,3,0.6,0,0.0,0.0,0,0
Kolkata,West Bengal,22.628996939863693,88.39500769801379,4,6,1,34.021254560033945,85.80525711601217,2.5732082781428516,7.32357151855078,0.42834662806690266,1010.9148390611028,0.42311420530134475,0,0,1,0,4,15000.0,3,0.6,0,0.0,0.0,2,1
Kolkata,West Bengal,22.588372593476624,88.4428135570004,2,1,11,14.333880187084153,45.27492770654973,52.63612467846037,10.661874834661543,0.9516898434695323,1005.532302686218,0.7930800787435442,0,1,0,0,0,15000.0,3,0.6,0,0.0,0.0,1,1
Kolkata,West Bengal,22.646830775300817,88.45477623778186,8,3,2,21.500496534496435,52.55561486673637,1.7343915156584417,19.34596100607639,0.5423213103789237,1021.5696980578314,0.45830844848315366,0,1,0,0,2,15000.0,3,0.6,0,0.0,0.0,0,0
Kolkata,West Bengal,22.54750938425135,88.27732283392076,18,0,8,26.568534564633715,45.58272508509663,10.347125392321654,15.018953840391761,6.053297202583633,1020.7755800251614,0.3959344753738104,0,0,1,0,1,15000.0,3,0.6,0,0.0,0.0,0,0
Kolkata,West Bengal,22.540554440764033,88.28863195353038,3,1,5,31.88362336107135,89.59560039791195,2.7092313085193935,17.106415706680504,0.21733329422234993,1005.2069391722544,0.7475115046902499,0,1,0,0,0,15000.0,3,0.6,0,0.0,0.0,1,1
Kolkata,West Bengal,22.669026434342637,88.45677691269827,4,1,4,32.38349812777809,47.45633181114548,6.169911100349406,8.73178831332692,0.2130597721559768,1014.5916193508922,0.6976229791257001,0,1,0,0,0,15000.0,3,0.6,0,0.0,0.0,0,1
Kolkata,West Bengal,22.609108775883843,88.30559071585583,18,5,1,24.677472058191945,83.31267099849813,5.325580511224226,8.170869654608033,0.026073537968166614,1039.8033812364383,0.9464030322881734,0,0,1,0,1,15000.0,3,0.6,0,0.0,0.0,1,1
Kolkata,West Bengal,22.61430580087756,88.28033834801728,16,4,8,14.728361726347936,75.22426829503989,3.6828036656271443,9.15112086806356,6.704345009160344,1000.081085282749,0.7618939586018841,0,1,0,0,1,15000.0,3,0.6,0,0.0,0.0,0,0
Kolkata,West Bengal,22.651038149596708,88.42149196378726,12,3,9,20.97174083872897,83.73463659283703,5.912759524656317,10.892897560698286,0.8226603392226626,1010.3958643710367,0.6105439306493442,1,0,0,0,3,15000.0,3,0.6,0,0.0,0.0,0,1
Kolkata,West Bengal,22.5376246347731,88.3228447568634,16,6,7,31.187644689776498,57.25964075974066,2.0038436278423957,9.287867843547719,3.959679817994337,1010.917765291921,0.8626481488541583,1,0,0,0,1,15000.0,3,0.6,0,0.0,0.0,2,2
Kolkata,West Bengal,22.472689401736613,88.41084259915574,18,3,1,32.809400112235735,88.17099330323339,0.874062396230022,14.360071149239685,0.14096727442222762,1019.6673656218635,0.637834372684606,0,1,0,0,0,15000.0,3,0.6,0,0.0,0.0,1,1
Kolkata,West Bengal,22.532518963195105,88.43768565072408,3,1,7,31.762081516955934,69.07695780476463,10.960518557652751,5.382600408580271,0.6333106671222636,994.0251335514431,0.92932755296374,0,0,1,0,1,15000.0,3,0.6,0,0.0,0.0,2,2
Kolkata,West Bengal,22.477468160284367,88.36786972141513,23,6,2,32.08041845927292,71.24774561871577,1.7835794612146638,12.846489356978509,0.9354280279081172,999.784039489365,0.7962597293112521,0,0,1,0,0,15000.0,3,0.6,0,0.0,0.0,1,1
Kolkata,West Bengal,22.547207361406386,88.45034508834728,1,1,1,24.35572285662397,80.08874204008399,2.5737108890168607,8.048833752042192,0.13023235633788813,1028.9820193861099,0.8477975007652312,0,0,1,0,1,15000.0,3,0.6,0,0.0,0.0,2,2
Kolkata,West Bengal,22.644655022438766,88.39694481310988,16,6,5,19.115173801040594,51.1756585748688,1.5766790589232165,12.46152422154075,0.13171735229890438,1015.8212401687757,0.8477442121448817,0,0,0,1,0,15000.0,3,0.6,0,0.0,0.0,2,1
Kolkata,West Bengal,22.58143912852105,88.33768163773085,22,0,2,24.572837780778,85.71415439143507,24.031808111167912,3.823528961489023,0.12202042650433852,1025.7335210635651,0.8227390241622236,1,0,0,0,1,15000.0,3,0.6,0,0.0,0.0,2,2
Kolkata,West Bengal,22.57569036113491,88.29354618483681,16,2,6,17.639427924915207,77.40091990913628,14.76642220160703,18.13055658070551,1.4532528116728185,1028.2267100023603,0.6745309424829844,0,0,1,0,2,15000.0,3,0.6,0,0.0,0.0,0,0
Pune,Maharashtra,18.459832702676046,73.92758766742094,2,0,11,29.00156745573469,78.91933627964916,3.044317630682464,12.150502101551705,0.2651411910638296,1012.4040530068087,0.9170482843188184,0,0,1,0,3,7000.0,3,0.6,0,0.2,0.0,3,2
Pune,Maharashtra,18.575752083347616,73.89727779098014,7,3,10,14.55206496023405,49.211463194777366,5.685680008265911,15.224368888575393,2.2328391675946397,1017.0714232429818,0.5701097507577257,1,0,0,0,1,7000.0,3,0.6,0,0.2,0.0,0,0
Pune,Maharashtra,18.51922924972861,73.90773979893517,23,2,4,21.32433857578399,42.00486685253186,2.4883714850495036,10.734134961540144,1.3274390501294064,1002.3840926982739,0.4349682639381943,1,0,0,0,0,7000.0,3,0.6,0,0.2,0.0,1,1
Pune,Maharashtra,18.50884954305446,73.93011077472175,18,3,7,26.192937334315545,78.27279509918066,1.990049240916041,16.571124637804502,3.737610128150512,1007.6263823289408,0.7230291749011505,0,1,0,0,1,7000.0,3,0.6,0,0.2,0.0,0,1
Pune,Maharashtra,18.514030894309972,73.91365808748719,12,4,12,34.13386448672399,79.76614178282688,6.692536382257261,9.360022670579463,0.2656204916798327,1017.2050456919867,0.8586179201065156,0,0,1,0,2,7000.0,3,0.6,0,0.2,0.0,1,1
Pune,Maharashtra,18.461179264843576,73.77175929573423,0,1,3,20.83177373561015,70.87083368383433,16.281256624037596,18.894783042093813,0.04243501575137912,1026.1302656694086,0.557453944522669,0,0,1,0,0,7000.0,3,0.6,0,0.2,0.0,1,1
Pune,Maharashtra,18.58672274378944,73.88292590848017,4,4,6,35.92231570800114,73.26832504782841,16.00181262128056,14.885442133770086,1.6005997751575007,997.984771741284,0.8093042635027144,1,0,0,0,5,7000.0,3,0.6,0,0.2,0.0,2,3
Pune,Maharashtra,18.545850285011703,73.94286389707813,15,6,3,31.82103417401902,71.68975388877263,5.054945065406773,14.572646398951623,0.05635718103707148,1008.0527321926646,0.6489734012974572,0,0,0,1,3,7000.0,3,0.6,0,0.2,0.0,1,1
Pune,Maharashtra,18.56779469662759,73.79838406727518,2,1,11,17.71519971055048,62.19434285095751,46.89050236645408,5.474688678369445,0.008682026489355866,998.9585537210228,0.8436925665772822,1,0,0,0,1,7000.0,3,0.6,0,0.2,0.0,1,1
Pune,Maharashtra,18.42143081534265,73.88289481631617,15,0,1,28.894363017882313,47.7653714722835,6.5431067647111725,13.07222583092665,0.023206427192714357,990.4033879753373,0.5586601427665252,0,0,0,1,1,7000.0,3,0.6,0,0.2,0.0,0,0
Pune,Maharashtra,18.582208688153532,73.89710404803,6,3,2,44.497519328123914,74.94384992866836,13.713432697094953,16.290473968762498,1.261641325544576,1013.0714615900652,0.9578690634794748,0,0,0,1,1,7000.0,3,0.6,0,0.2,0.0,1,1
Pune,Maharashtra,18.494628598919437,73.79539222201743,14,3,5,32.04065826805862,61.52602033124749,18.849247349280915,11.617004355852895,0.4671041333662699,994.654794718042,0.7423448760463366,1,0,0,0,1,7000.0,3,0.6,0,0.2,0.0,0,0
Pune,Maharashtra,18.502133034578545,73.78916517174251,4,5,11,25.163625551979695,40.33813065776074,14.646374223056087,14.479961336244111,0.767711207518688,1019.387806221599,0.6718620695098049,0,0,0,1,3,7000.0,3,0.6,0,0.2,0.0,2,1
Pune,Maharashtra,18.605458691309252,73.80005863566304,18,4,11,25.677854575563206,75.64848932421262,16.63073304916985,8.73602429538045,0.5828262645513729,1021.3119997942463,0.5870770470533443,0,0,0,1,1,7000.0,3,0.6,0,0.2,0.0,1,0
Pune,Maharashtra,18.575587740380517,73.87657528011776,5,4,6,34.3308267506959,53.94987851620873,5.223199448666907,15.443440372645565,1.3696578484076367,1009.3634806146509,0.49446573278265665,1,0,0,0,0,7000.0,3,0.6,0,0.2,0.0,0,0
Pune,Maharashtra,18.432459741185205,73.86703826526872,7,2,3,28.36813963745414,67.98098514294392,6.958991703200982,18.033141737728986,0.8073131570199139,1008.3980980577162,0.7249420488166163,1,0,0,0,0,7000.0,3,0.6,0,0.2,0.0,1,1
Pune,Maharashtra,18.563019901125315,73.77404121759741,16,3,8,23.862875944613585,67.90151493148974,9.667899543037679,18.82671879418609,1.1619925069886787,1043.5616837471905,0.7425742160284912,0,0,0,1,0,7000.0,3,0.6,0,0.2,0.0,1,1
Pune,Maharashtra,18.50895286351999,73.75811562344468,23,5,11,16.124551095436246,44.980236155598064,32.45900619710193,8.181786535859665,0.08816666136596049,1029.4098874422416,0.6614634317957284,1,0,0,0,1,7000.0,3,0.6,0,0.2,0.0,1,0
Pune,Maharashtra,18.4272143643641,73.87776389438157,9,0,3,43.01889737065565,62.85023987223036,39.206442864560515,6.845770650536473,0.14824565913831297,1043.378118820212,0.5053589339767821,0,1,0,0,0,7000.0,3,0.6,0,0.2,0.0,0,0
Pune,Maharashtra,18.61134479390539,73.91553628295117,16,5,3,41.3661344918512,43.02101148931182,26.472384264498267,16.249722724255562,0.34839712205375895,1006.3237897961592,0.6388055512479658,0,1,0,0,1,7000.0,3,0.6,0,0.2,0.0,0,0
Pune,Maharashtra,18.516014394753103,73.91075940980319,13,5,10,13.916770119292533,48.769098109717845,16.295787807321386,1.490099239048242,0.29383649896936614,1003.4439472350991,0.7453018980800289,0,1,0,0,1,7000.0,3,0.6,0,0.2,0.0,1,0
Pune,Maharashtra,18.596574068706218,73.85396219109573,9,5,4,29.219607562256385,77.97682096676857,9.311590240764184,3.7370245127383295,0.6730582831850201,1021.3095878067019,0.6527016025753162,0,0,1,0,0,7000.0,3,0.6,0,0.2,0.0,0,0
Pune,Maharashtra,18.42275890952093,73.77284317451524,20,6,1,27.10469063086511,85.93773737237761,1.4878797536439203,9.666185673662147,0.6714854682678993,1024.6890851804283,0.6946302730723698,1,0,0,0,1,7000.0,3,0.6,0,0.2,0.0,0,0
Pune,Maharashtra,18.617037696458855,73.88539019267635,11,2,10,15.153617679177549,61.51160567694859,26.24879182686504,18.73497321791301,0.5076399686106969,988.514359453106,0.5851258118064697,0,0,1,0,0,7000.0,3,0.6,0,0.2,0.0,0,0
Pune,Maharashtra,18.44459133155609,73.95064234291378,8,3,3,18.81862228471359,79.37060141180385,16.14059962152022,17.86585083640896,0.9089321791281881,1001.1620949457447,0.8020678960764671,0,1,0,0,0,7000.0,3,0.6,0,0.2,0.0,1,0
Pune,Maharashtra,18.424429453498856,73.79809202562761,22,3,10,29.233946370721004,82.44935679758012,7.331059002974904,14.63576776795913,1.976276421370728,1016.6969881608794,0.526990061390979,0,0,1,0,1,7000.0,3,0.6,0,0.2,0.0,1,1
Pune,Maharashtra,18.434599042297865,73.9210480253014,17,1,8,27.46476411268335,59.33986233004556,0.902221206539494,13.316218932239426,3.7257964159002235,989.6137531676424,0.747905280374207,0,1,0,0,4,7000.0,3,0.6,0,0.2,0.0,2,2
Pune,Maharashtra,18.51251676716108,73.88592325130342,17,2,7,39.70695279137504,63.767983246816094,3.129053394910027,5.53121721341998,2.2545919927210214,1018.0849598879281,0.3744967195809839,0,1,0,0,1,7000.0,3,0.6,0,0.2,0.0,0,0
Pune,Maharashtra,18.549813342729774,73.8949338163418,4,4,9,23.486560608666977,55.31499121480222,0.9416900442289577,2.6564573262713833,1.4850823053203177,1021.6466174942443,0.727667560302137,0,0,1,0,0,7000.0,3,0.6,0,0.2,0.0,2,2
Pune,Maharashtra,18.51456449404171,73.91759491002992,6,4,12,33.04352715434691,60.72619896360078,0.07817172180009632,2.7429709986411304,0.8065381005528357,1033.2378122289401,0.8575850371249641,0,1,0,0,3,7000.0,3,0.6,0,0.2,0.0,1,1
Pune,Maharashtra,18.44720902138239,73.85715530212255,19,3,8,28.74839342565487,58.04902501656561,7.611863256286121,15.659345279438208,4.959478829757191,1007.6397775475253,0.5959272854232693,0,1,0,0,5,7000.0,3,0.6,0,0.2,0.0,1,1
Pune,Maharashtra,18.43362429970239,73.87950155693447,23,4,1,30.40922247391101,87.98708933316779,20.591695805463296,7.064458505128419,0.2061930662213102,989.0447775360635,0.7932734086005034,0,0,1,0,1,7000.0,3,0.6,0,0.2,0.0,2,1
Pune,Maharashtra,18.523654719681353,73.829692258061,3,1,8,23.715531018058286,69.69875043226727,2.306829194937826,19.927636757799952,1.8426948392089706,997.9347990467609,0.9307537497366823,0,0,0,1,4,7000.0,3,0.6,0,0.2,0.0,3,2
Pune,Maharashtra,18.461287636704174,73.89844000606327,6,2,5,32.41093316643679,50.431878006576866,5.059966654499651,9.515181336015125,0.09507742151133032,1019.8524652687361,0.8041001527819113,0,1,0,0,1,7000.0,3,0.6,0,0.2,0.0,0,0
Pune,Maharashtra,18.585398064061252,73.78460571697453,15,6,6,32.48299432256276,84.78775760317973,1.7261212234302303,10.693158737304076,3.970244572166663,977.9931535735454,0.6579612218422468,0,0,1,0,0,7000.0,3,0.6,0,0.2,0.0,1,0
Surat,Gujarat,21.07525878832879,72.8831657910962,19,1,6,25.349992196923772,84.55145351164592,7.527736497138546,15.110564903293907,2.9685773154862023,1019.169972167408,0.6307414224056213,0,0,0,1,0,6500.0,3,0.6,1,0.0,0.0,0,1
Surat,Gujarat,21.118439340787084,72.89872214674864,17,3,1,33.388058154671384,62.451376409649924,29.359189784860785,2.4212947913670098,0.5291044220310255,1015.4273841417132,0.780919860571727,0,0,1,0,1,6500.0,3,0.6,1,0.0,0.0,1,0
Surat,Gujarat,21.096743040224922,72.88788476077306,10,0,9,16.354873291359198,72.35288032852971,11.43906397864347,5.623870447732071,1.3626953012102943,995.6997952986611,0.7295437530449214,0,1,0,0,2,6500.0,3,0.6,1,0.0,0.0,1,1
Surat,Gujarat,21.247659813437355,72.7435198526284,11,3,10,33.754463147504445,69.49453092809496,51.54046674543808,15.726137947447981,0.50166894902112,1044.1949000810362,0.7708151840922012,1,0,0,0,0,6500.0,3,0.6,1,0.0,0.0,1,1
Surat,Gujarat,21.13390401892933,72.83752677967463,8,6,9,29.32397413623341,52.13984924727401,3.021707534711365,13.907317423695275,1.1193218835875862,1015.7168226682412,0.6558114690478275,0,0,0,1,1,6500.0,3,0.6,1,0.0,0.0,1,1
Surat,Gujarat,21.168419802930455,72.81763343550779,21,1,8,28.06972119770211,77.03935314582338,10.69652230540473,16.3381137966862,2.4872162084710006,1013.4540624098844,0.7513964975225927,0,0,0,1,1,6500.0,3,0.6,1,0.0,0.0,1,1
Surat,Gujarat,21.110126108620047,72.75404162843353,21,6,7,12.227310950125949,76.30226729207533,22.660592216930358,3.1179137626697413,0.017618072515440494,1005.5790071627702,0.8169378853152708,0,1,0,0,1,6500.0,3,0.6,1,0.0,0.0,1,1
Surat,Gujarat,21.078471091027282,72.91827102611148,16,0,10,36.12402794936197,72.8920036409816,13.317734378581761,5.52528811767494,0.22092773536345287,1006.5274690775823,0.8536817559971143,0,0,0,1,1,6500.0,3,0.6,1,0.0,0.0,2,1
Surat,Gujarat,21.2275150990088,72.7795371105289,0,4,5,31.5897766609445,42.04586258959316,6.189457731881431,13.543796114447403,0.3109913264248342,1004.7287365388165,0.5427293706939574,0,1,0,0,0,6500.0,3,0.6,1,0.0,0.0,1,0
Surat,Gujarat,21.158430850545002,72.80471435212905,20,2,6,25.346710419043546,49.21040403384973,12.671763355923009,17.542073598445402,1.5254491288862948,1011.385184066883,0.7383817033684263,1,0,0,0,0,6500.0,3,0.6,1,0.0,0.0,1,0
Surat,Gujarat,21.100657950054043,72.78723227873107,7,6,1,31.56018750839364,53.20237534693957,4.192916647374107,7.321016831713749,0.9038267041553778,989.0069292581858,0.5645834945189329,0,0,1,0,0,6500.0,3,0.6,1,0.0,0.0,1,1
Surat,Gujarat,21.117109619451874,72.86461067992843,11,3,8,34.951724141591214,70.05282142479716,0.4798989380793747,9.37049100043513,0.02034645836988007,975.699616402281,0.7149854065348752,0,0,1,0,2,6500.0,3,0.6,1,0.0,0.0,1,1
Surat,Gujarat,21.197117546784607,72.75195393217471,13,2,9,8.898694263157395,44.68479025644963,6.19086505760016,9.370770524776722,0.3517114869617094,1002.6462559849414,0.8891913339194888,1,0,0,0,4,6500.0,3,0.6,1,0.0,0.0,2,2
Surat,Gujarat,21.088310557081456,72.73916121813112,10,3,8,40.86055803393273,51.66345703657911,3.3260278212958867,14.52065884978528,1.8411641095775482,1011.0794732793834,0.8505481810186502,0,0,0,1,0,6500.0,3,0.6,1,0.0,0.0,1,0
Surat,Gujarat,21.241348436957313,72.86187950455168,3,0,3,25.20673954623046,67.52813374601871,10.919025394740999,2.5522473608731344,0.6234358951636956,1007.3317992815087,0.4802243191288041,0,0,0,1,1,6500.0,3,0.6,1,0.0,0.0,1,0
Surat,Gujarat,21.220475249059376,72.90133775197357,9,2,7,24.77334815984186,68.37451248643893,3.0563319668151894,4.795157019186336,3.963239561880615,1003.999944167623,0.7967175684213617,0,1,0,0,1,6500.0,3,0.6,1,0.0,0.0,1,1
Surat,Gujarat,21.125181103470712,72.78145956136093,18,1,8,14.360868938616758,42.453329765860815,4.3119687852187365,11.84576643243313,0.4567348779661017,995.1743629354257,0.762518403194638,0,0,1,0,1,6500.0,3,0.6,1,0.0,0.0,0,1
Surat,Gujarat,21.209047221541226,72.75844887914646,18,1,1,33.62895223815384,65.64431125986425,1.7828488644818516,13.856390578220143,0.07093404249773216,984.6233391704797,0.6067928904678638,1,0,0,0,0,6500.0,3,0.6,1,0.0,0.0,0,0
Surat,Gujarat,21.261640750312417,72.75778849714914,20,2,9,37.34974751658289,48.60663291936393,4.798750902529293,14.892287887254009,0.28076479774432306,1025.7157827447058,0.7919946089978533,0,0,0,1,0,6500.0,3,0.6,1,0.0,0.0,1,0
Surat,Gujarat,21.25403808918328,72.75800834447698,8,2,1,28.42729626084205,41.274625182449505,9.184478889514132,5.018244090982454,0.2049730465308898,1008.4386807653697,0.6653580122584872,1,0,0,0,0,6500.0,3,0.6,1,0.0,0.0,1,0
Surat,Gujarat,21.22157892663554,72.85233716957813,15,6,3,20.924475607302877,58.980446074075886,1.9257329849317513,10.647944841673814,0.12225905293848283,1000.0278024623822,0.7249226817983809,0,0,1,0,1,6500.0,3,0.6,1,0.0,0.0,2,1
Surat,Gujarat,21.087424305838045,72.88867847633536,23,1,8,20.832725957188963,70.83388643381736,0.36536199999596114,8.582900370318486,2.102222638178139,1020.8125008307151,0.8407360403060121,0,0,0,1,2,6500.0,3,0.6,1,0.0,0.0,2,2
Surat,Gujarat,21.21873867471491,72.84893986269321,6,5,3,14.168820546985872,41.42849407033878,5.171632658452937,9.059656782649876,0.14679948902390577,990.6745219344101,0.8598224979795344,0,0,1,0,0,6500.0,3,0.6,1,0.0,0.0,2,1
Surat,Gujarat,21.16078667463614,72.80433409326903,21,1,9,29.181949411809992,74.34551582571422,0.6442031434346195,11.620812504437659,5.918596985206489,994.8108277085919,0.5071198330909538,0,0,1,0,1,6500.0,3,0.6,1,0.0,0.0,0,1
Surat,Gujarat,21.255275306534717,72.76181746220607,6,1,1,31.557447984959822,56.51434338620288,0.9029769007308917,2.132068879268686,0.5533923861683782,990.6686444953342,0.5987044912139388,0,0,0,1,1,6500.0,3,0.6,1,0.0,0.0,0,0
Surat,Gujarat,21.250572013832553,72.8873040699387,19,5,11,8.46213115658281,87.70189613697036,14.813208638295558,7.601834166535267,0.39188480993092417,1039.34715485227,0.6029174286371546,0,0,0,1,0,6500.0,3,0.6,1,0.0,0.0,0,1
Surat,Gujarat,21.140166012550672,72.90384007482606,11,2,5,36.67648141442671,82.45775467034345,31.791964889544246,14.845331184920152,0.3391214857612649,1003.0460391884532,0.3653864795237101,0,0,0,1,0,6500.0,3,0.6,1,0.0,0.0,0,1
Surat,Gujarat,21.072996695832824,72.91606646661253,14,3,5,26.634454138744573,73.62110176172027,2.045591938672382,14.64475141347224,0.15190072410236208,1035.3647490394108,0.9273794821698058,0,0,0,1,1,6500.0,3,0.6,1,0.0,0.0,2,2
Surat,Gujarat,21.265982055232758,72.74941765580267,14,3,4,21.965149031880355,83.90245612603545,5.739719302805989,3.510606870398308,0.16837311689699092,1000.7507241778261,0.9320909743016725,0,1,0,0,2,6500.0,3,0.6,1,0.0,0.0,2,2
Surat,Gujarat,21.178588062024808,72.78779316322232,14,3,4,22.74712546985547,61.413066045321806,35.010450985466534,17.054827725236933,0.03130303900226372,1017.6111224228641,0.42561670436931326,0,0,1,0,0,6500.0,3,0.6,1,0.0,0.0,0,1
Surat,Gujarat,21.154140725109492,72.79838744307364,22,4,3,20.739157884638228,81.78888845495506,3.7814412833292876,9.577808112040042,0.14481879296321923,1005.124991261223,0.8813137181946393,1,0,0,0,0,6500.0,3,0.6,1,0.0,0.0,2,1
Surat,Gujarat,21.235538611213066,72.83759410729037,1,0,4,17.745578519148197,49.9378204599373,4.420798042755386,18.99921971561021,0.05261129889080446,1018.9537798293057,0.8796481023198142,1,0,0,0,0,6500.0,3,0.6,1,0.0,0.0,2,2
Jaipur,Rajasthan,26.986131126713385,75.82827929855922,16,5,4,5.633432245375445,78.08108850017973,8.077602230699068,7.836653432690822,0.33305991781865346,1032.6963420454547,0.5218817758298665,0,1,0,0,1,3900.0,2,0.4,0,0.3,0.0,0,0
Jaipur,Rajasthan,26.896809483391905,75.87018098990148,20,2,4,35.734582659724,69.33926456912657,3.085395982816463,1.5562897229398955,0.2365707726031719,1035.4437735578672,0.212331511165026,1,0,0,0,1,3900.0,2,0.4,0,0.3,0.0,0,0
Jaipur,Rajasthan,26.831978930699204,75.87767423083622,15,0,9,36.29474971084902,46.84316861998046,0.49794657564014494,10.121962681111054,0.4866629558173954,1013.8894054035336,0.3407890089003239,1,0,0,0,2,3900.0,2,0.4,0,0.3,0.0,1,0
Jaipur,Rajasthan,26.973101684931763,75.83314174725572,8,2,1,21.734344095373828,73.57072864588926,40.239796502369444,3.6186838895367006,0.08205462490261316,1019.4698973558568,0.3464056571978213,0,0,1,0,1,3900.0,2,0.4,0,0.3,0.0,0,0
Jaipur,Rajasthan,26.93322269757998,75.88549939779563,17,5,12,28.976693238855443,81.62032207646652,3.9406624325836686,5.714000785625188,0.13139253120482886,994.6063145880986,0.3286797474857806,0,0,1,0,1,3900.0,2,0.4,0,0.3,0.0,0,0
Jaipur,Rajasthan,26.88705472584669,75.8089821809166,1,5,9,31.762284182473707,60.91894978969759,2.625833442253613,10.167513885603793,1.8191275331437868,1000.4259984250255,0.6103489938426151,1,0,0,0,3,3900.0,2,0.4,0,0.3,0.0,2,1
Jaipur,Rajasthan,26.880759983175977,75.70376435203359,3,4,8,35.86135897772158,72.75117035598987,1.4552811632807754,3.681343271035301,0.8585405357522229,1010.743498937291,0.5563717667151894,0,1,0,0,0,3900.0,2,0.4,0,0.3,0.0,0,1
Jaipur,Rajasthan,26.920595302097237,75.72337687870727,12,1,8,22.348103202952117,78.10024490559807,10.413443572558542,7.0134431741608,1.4688109362479416,1024.0950402645205,0.544018035259795,1,0,0,0,1,3900.0,2,0.4,0,0.3,0.0,0,1
Jaipur,Rajasthan,26.88973247299067,75.79515267041,2,4,7,34.9346117087499,68.91984818993816,3.3007356050386623,5.237045648103251,1.3375946180776468,1018.1091280011761,0.528116906007603,0,0,1,0,0,3900.0,2,0.4,0,0.3,0.0,0,0
Jaipur,Rajasthan,26.89708925463345,75.82770106781471,23,2,2,17.890372801895346,83.59327002011571,1.8543750215818307,14.72388607039042,0.28046129708021,1016.5819698090644,0.3647809702548833,0,0,1,0,0,3900.0,2,0.4,0,0.3,0.0,0,0
Jaipur,Rajasthan,26.878653747389208,75.79499740262264,8,0,5,24.881407047495085,82.2472279765636,34.2535645786892,17.233746065523032,0.7047227174623533,1003.1443849969777,0.13876748844181658,1,0,0,0,0,3900.0,2,0.4,0,0.3,0.0,0,0
Jaipur,Rajasthan,26.86306191665383,75.76937172277388,20,3,11,21.318107589573508,40.87812564622195,7.0229760763307105,8.470314319490534,0.10678535586835486,1005.7621967725595,0.5207112785828507,0,0,1,0,1,3900.0,2,0.4,0,0.3,0.0,0,0
Jaipur,Rajasthan,26.88351912519171,75.8664246134694,2,6,6,28.16046940085342,80.39035347251163,14.077431688780981,7.090818506124216,3.650923980847863,1007.7619975176414,0.7409725353962748,1,0,0,0,0,3900.0,2,0.4,0,0.3,0.0,2,2
Jaipur,Rajasthan,26.942225270093832,75.7513079296037,10,3,12,28.048233114349273,50.986130165714734,0.22588695725250596,16.12727785267446,0.13895206647105926,1001.5948458671463,0.495857006215103,0,0,1,0,5,3900.0,2,0.4,0,0.3,0.0,0,0
Jaipur,Rajasthan,26.841675296109322,75.7960063183675,18,5,7,20.347706161058877,67.42333585314478,2.206378150768547,18.0627188515213,3.814500803129588,1011.6208358973267,0.2950698516020416,0,0,0,1,2,3900.0,2,0.4,0,0.3,0.0,1,0
Jaipur,Rajasthan,26.884627067805244,75.69732766548084,8,6,2,26.055353357711475,82.0339763147512,5.8136427285379275,15.326460160518437,0.5705403434502694,1023.8098433657773,0.17019170955741542,0,0,1,0,4,3900.0,2,0.4,0,0.3,0.0,1,0
Jaipur,Rajasthan,27.006905496335346,75.87084842915448,22,5,6,20.957071976791653,49.617453560882495,13.291171508727809,15.01281479327438,1.8950110456964837,996.4042491489143,0.32127763998400716,0,0,1,0,0,3900.0,2,0.4,0,0.3,0.0,1,1
Jaipur,Rajasthan,26.950382819978234,75.77455319206634,18,4,2,34.641630725749295,77.12504129596417,1.3154957802491611,8.806666327888049,0.35951259472550434,989.4599826574503,0.03807659945301181,1,0,0,0,0,3900.0,2,0.4,0,0.3,0.0,0,0
Jaipur,Rajasthan,26.980430290167185,75.79557354763547,4,6,11,14.379759885181766,63.42864933303353,1.9468374511039714,19.920169479776845,1.9820948815273005,1003.1569510515338,0.4844562339991643,1,0,0,0,2,3900.0,2,0.4,0,0.3,0.0,2,3
Lucknow,Uttar Pradesh,26.926848757289854,80.9465511083974,18,4,3,11.359679168074626,41.98406773840983,3.9078028602591597,15.833043370313838,0.7353821723861704,1019.7350984092886,0.16517331115891026,0,0,0,1,0,3400.0,3,0.6,0,0.0,0.0,0,0
Lucknow,Uttar Pradesh,26.905596444547662,80.8535274981505,9,4,7,30.23414723752434,73.76451616156068,17.313204231674554,4.188769762911322,0.3301711208867752,1010.367511164066,0.297949741311836,0,0,0,1,1,3400.0,3,0.6,0,0.0,0.0,0,0
Lucknow,Uttar Pradesh,26.80755759783756,80.94939247293641,13,6,2,23.983371859967797,67.5856557442397,5.9093528890382165,2.74511365091844,0.13353847175681066,1018.8225807080618,0.3564295613226385,0,0,1,0,0,3400.0,3,0.6,0,0.0,0.0,0,0
Lucknow,Uttar Pradesh,26.94539015974577,80.99649575521399,17,4,2,36.416168076288315,57.43579206421124,0.23759073856024177,5.072822201704248,0.19221051239978781,1008.8270620856595,0.4752279077250272,0,1,0,0,0,3400.0,3,0.6,0,0.0,0.0,1,1
Lucknow,Uttar Pradesh,26.825827367152204,80.96572388766128,3,4,2,22.178134447997998,54.09889524743888,16.93764236631739,4.021382972289921,1.541842239562761,992.605864770919,0.5124357631660809,0,0,1,0,1,3400.0,3,0.6,0,0.0,0.0,0,0
Lucknow,Uttar Pradesh,26.915923254748265,80.88420140263435,14,3,7,15.420770546849186,89.64069263412992,0.5845917568373726,18.470332334134774,1.9323710051096614,1018.0136794811667,0.5262987941780701,0,0,0,1,1,3400.0,3,0.6,0,0.0,0.0,0,1
Lucknow,Uttar Pradesh,26.755532649413794,80.8893494545621,3,3,9,26.221441724434513,64.44757804218062,0.5264826712094398,7.426748225930372,3.37482925467331,1034.1553520814914,0.16849712351697005,0,0,1,0,1,3400.0,3,0.6,0,0.0,0.0,1,1
Lucknow,Uttar Pradesh,26.834096956385928,80.93379158242342,21,2,6,26.84066663049564,74.86759434875924,21.433845176968237,16.300831133264083,0.23009286147957714,983.4898922921643,0.25029847724377424,1,0,0,0,1,3400.0,3,0.6,0,0.0,0.0,0,0
Lucknow,Uttar Pradesh,26.94611471325965,80.89678277125343,15,1,3,32.6287023155081,52.560183261855,3.307350243957501,6.9988860947817875,0.04486986820605845,1006.0865614092727,0.4096842724426772,0,0,0,1,0,3400.0,3,0.6,0,0.0,0.0,0,0
Lucknow,Uttar Pradesh,26.80620783073245,80.97662204383454,9,3,3,30.162785763008465,58.300322436923025,38.716584390444055,11.85765180450305,1.5770062261957014,1013.4196807832278,0.05093594068763964,1,0,0,0,0,3400.0,3,0.6,0,0.0,0.0,0,1
Lucknow,Uttar Pradesh,26.935433061494567,81.01471156010908,9,2,8,18.748030663878218,71.68245434704377,0.7204646513924811,4.003666361155862,0.7891539615399352,1010.3352910580228,0.10194413708064932,0,0,1,0,0,3400.0,3,0.6,0,0.0,0.0,0,0
Lucknow,Uttar Pradesh,26.82077330811265,80.97785219778967,3,0,2,24.42571774130605,73.71328261837257,0.14810480661365744,7.993555034663992,0.28052282074901846,1011.7469472185577,0.17050234862536612,0,0,1,0,0,3400.0,3,0.6,0,0.0,0.0,1,0
Lucknow,Uttar Pradesh,26.850118674083312,80.94485416178219,13,0,7,30.37228384153844,65.75687733741108,3.864766160043362,8.676095363325802,4.010785732994687,1019.6740799528081,0.3402477701508752,1,0,0,0,0,3400.0,3,0.6,0,0.0,0.0,0,0
Lucknow,Uttar Pradesh,26.929265707412068,80.92174377969592,10,2,8,32.28523781785033,57.185117206308846,1.2373064818263186,2.1817217757239256,2.867639084747604,1016.9702509917001,0.47539300018034963,1,0,0,0,0,3400.0,3,0.6,0,0.0,0.0,0,0
Lucknow,Uttar Pradesh,26.818054965396062,80.92950927878917,17,4,3,35.188081259022724,76.32726785514615,14.17637341370789,2.1397590552978327,0.10100259768476419,994.4098194425804,0.410150592021689,1,0,0,0,2,3400.0,3,0.6,0,0.0,0.0,1,1
Lucknow,Uttar Pradesh,26.879406202263638,80.85732347883155,3,3,4,32.69129174208088,70.34809186109598,7.217109508534931,15.852630807196778,0.3696706447468882,1025.397882647529,0.1463422889867101,0,0,1,0,0,3400.0,3,0.6,0,0.0,0.0,0,0
Lucknow,Uttar Pradesh,26.805935676613537,80.98433917315235,2,3,9,37.4634040697633,87.86066479714897,1.3972014662556171,11.639578972301084,1.2299235271757842,1001.2132171794502,0.37363508449874683,0,0,1,0,0,3400.0,3,0.6,0,0.0,0.0,0,0
Kanpur,Uttar Pradesh,26.433810567211562,80.24719456608699,5,1,4,27.54243835485267,49.03644993491413,15.564545988363657,3.1510188557533385,0.5943004811655802,1005.4756927702844,0.4168571731557494,0,0,1,0,0,3200.0,3,0.6,0,0.0,0.0,1,1
Kanpur,Uttar Pradesh,26.39642175752953,80.28214976206121,16,0,8,38.056046667996554,69.27190646426388,38.790129310527945,11.997126478578332,0.11874088536858639,1003.9848013070206,0.2562527315953733,1,0,0,0,0,3200.0,3,0.6,0,0.0,0.0,0,0
Kanpur,Uttar Pradesh,26.4840685299708,80.37485485609653,5,3,9,28.727391217265943,77.64198329881498,12.367490820515165,11.020199419319749,0.8111931597885518,965.2655549607551,0.2642918798252177,0,1,0,0,0,3200.0,3,0.6,0,0.0,0.0,1,0
Kanpur,Uttar Pradesh,26.43872857571663,80.34096811365376,4,3,7,23.72719806058091,82.94370995896686,27.798368982279378,1.296958808795627,0.6864347160379651,1002.7239734078908,0.13047645726376758,0,0,1,0,1,3200.0,3,0.6,0,0.0,0.0,0,2
Kanpur,Uttar Pradesh,26.460681670673786,80.28176716359965,20,2,4,35.14732449283204,79.07597777494799,22.108863523981448,4.889562125668954,1.262798099240978,1034.2045696496073,0.49092733124978966,0,0,1,0,0,3200.0,3,0.6,0,0.0,0.0,0,0
Kanpur,Uttar Pradesh,26.487882435370786,80.34029576334456,19,6,1,26.41629415579721,52.447500537761684,5.023647870072297,5.292941774881254,1.0734181093166582,1021.2554779208606,0.3301120290952198,1,0,0,0,1,3200.0,3,0.6,0,0.0,0.0,1,1
Kanpur,Uttar Pradesh,26.515522761086228,80.32725544627729,18,2,6,30.72213619136284,72.92830738103129,33.03385140864689,13.948230784729885,1.7286872570346088,1011.1917141067202,0.3244643830662684,0,1,0,0,2,3200.0,3,0.6,0,0.0,0.0,1,1
Kanpur,Uttar Pradesh,26.401349240704462,80.28861366934521,3,0,4,18.372771123917204,44.48899431001078,2.605986887711278,6.345467388563734,0.5475764351699461,1018.0793653663262,0.13973842164948,0,0,1,0,0,3200.0,3,0.6,0,0.0,0.0,0,0
Kanpur,Uttar Pradesh,26.368188109744725,80.2879789200898,4,6,9,11.43378908293908,65.98845624940068,20.463700887125533,7.999543526765452,1.6386610693960717,1002.2975553097172,0.10741979225331591,0,1,0,0,1,3200.0,3,0.6,0,0.0,0.0,1,0
Kanpur,Uttar Pradesh,26.497859661209464,80.37427993522654,14,2,2,14.473705103239714,87.31399897716872,10.406954825943686,15.375170953543547,0.25456695657815653,1011.1906068932022,0.3828069786830933,0,0,1,0,1,3200.0,3,0.6,0,0.0,0.0,0,0
Kanpur,Uttar Pradesh,26.521954496500793,80.25092820212583,18,5,2,26.048160524425487,40.33218105501169,1.9610375105140183,16.42684322441955,0.5231213700331918,1024.2984260677274,0.3012067780587887,0,0,1,0,0,3200.0,3,0.6,0,0.0,0.0,0,0
Kanpur,Uttar Pradesh,26.536826636819512,80.3387301835228,22,1,3,27.395238608302417,79.29009383822873,3.127646263867741,14.659924033498191,0.3657127918376718,970.5123005536966,0.34995147359825995,0,0,1,0,0,3200.0,3,0.6,0,0.0,0.0,1,2
Kanpur,Uttar Pradesh,26.513271993325912,80.34237077665779,17,3,10,10.439790618927763,86.98295764030135,11.689195829744053,8.777449204487466,0.07467469423464924,1007.7293247100157,0.1339697780673979,0,1,0,0,2,3200.0,3,0.6,0,0.0,0.0,0,0
Kanpur,Uttar Pradesh,26.374930724631813,80.3493336401621,19,2,4,40.43773051546324,68.32383774551772,2.0446373413826597,12.01370887348268,0.1428853726549033,1015.281831736749,0.2211679258880484,0,0,1,0,0,3200.0,3,0.6,0,0.0,0.0,0,0
Kanpur,Uttar Pradesh,26.47530006616682,80.4091936288029,4,4,1,21.009473896747355,71.06678865732016,7.809090077855498,11.449736571070652,0.12805452644129503,1016.0789658967789,0.24959351958509532,0,0,1,0,0,3200.0,3,0.6,0,0.0,0.0,1,0
Kanpur,Uttar Pradesh,26.355698666546875,80.3527668358867,16,2,2,29.198297749919252,45.70043919355459,1.72534145267037,16.184986910478337,0.44253560577570794,990.1695815860819,0.26682293919896055,0,1,0,0,0,3200.0,3,0.6,0,0.0,0.0,0,0
Nagpur,Maharashtra,21.18651383768031,79.11123401234107,6,5,4,20.435654600449446,82.70477864323618,10.80012541786574,1.0211722094027158,0.05837084453291925,1029.10199403843,0.4621924453679048,0,1,0,0,0,3100.0,2,0.4,0,0.0,0.0,1,2
Nagpur,Maharashtra,21.057400406981735,79.0770801153661,1,4,1,23.894353055485812,47.502991817994015,0.4925132395768288,3.144138268172984,0.4631945404384298,1012.719514178398,0.12743573687162402,0,0,1,0,2,3100.0,2,0.4,0,0.0,0.0,2,1
Nagpur,Maharashtra,21.10165790693503,79.05835458162922,9,1,4,40.1917485176458,86.27868143504426,3.545370285033643,16.907992440111435,0.9644971662803642,1007.9810202485457,0.4698580322177504,0,0,0,1,2,3100.0,2,0.4,0,0.0,0.0,1,0
Nagpur,Maharashtra,21.184597231896507,78.99283852504782,16,1,9,36.71480082727306,64.51900559413471,3.763500096947504,17.29984386975493,0.9692835575930296,1025.237571022208,0.28151619695927044,0,0,0,1,2,3100.0,2,0.4,0,0.0,0.0,1,1
Nagpur,Maharashtra,21.18663160356442,79.16294331097328,1,2,2,29.604229191785013,48.56725291483519,10.798410551791973,11.735501664130119,0.6468115446085932,1010.4913792708279,0.39516746126884184,0,1,0,0,1,3100.0,2,0.4,0,0.0,0.0,0,1
Nagpur,Maharashtra,21.075106725073912,79.01861132089243,6,4,1,23.480004773021896,64.43803925272536,0.12555462432780803,7.998129069709382,0.37157007190538616,1028.9121597043995,0.6048930009015531,0,0,1,0,1,3100.0,2,0.4,0,0.0,0.0,0,0
Nagpur,Maharashtra,21.217661082678813,79.16646756849228,4,5,9,24.61038134655712,54.32926145812149,3.6375580178510427,15.719083307672083,0.4545487555647161,1012.8190316793679,0.0762099357827878,0,0,1,0,4,3100.0,2,0.4,0,0.0,0.0,3,2
Nagpur,Maharashtra,21.126012278331558,79.18314363575747,11,6,11,13.122742233255744,75.63811951313973,0.33181045184308566,13.578144456757455,0.5541318624967738,1010.1033061523907,0.1776757544788956,1,0,0,0,5,3100.0,2,0.4,0,0.0,0.0,1,1
Nagpur,Maharashtra,21.05382341265478,78.99274991231836,12,6,10,22.43618812056935,69.57816295666689,22.572213867302594,1.142776811886876,0.2001861380883338,988.4239134231252,0.22722492397798538,0,1,0,0,2,3100.0,2,0.4,0,0.0,0.0,0,1
Nagpur,Maharashtra,21.210757110129016,78.99996521611128,22,1,1,33.97159721165776,83.35330339805247,3.1209311399645188,3.8052887296547557,1.2736537011663283,1005.1390444317041,0.14612312479642078,0,1,0,0,0,3100.0,2,0.4,0,0.0,0.0,0,0
Nagpur,Maharashtra,21.099547157917986,79.114279759624,17,3,2,35.85698438204452,69.60370422824963,1.6264436510788132,7.296947055537342,0.08847360758130063,1014.6686615147452,0.13385765912708172,0,0,0,1,0,3100.0,2,0.4,0,0.0,0.0,0,0
Nagpur,Maharashtra,21.16789544309807,79.1761688128335,14,4,8,31.45315736751856,61.83401095376486,3.276766320573032,19.822567813733958,1.057674102507137,1021.0062520138783,0.5710396974966815,1,0,0,0,1,3100.0,2,0.4,0,0.0,0.0,0,0
Nagpur,Maharashtra,21.09447909547309,79.03050375029655,22,0,2,31.221934286372075,46.39608931141644,35.96119955970112,14.43323650925127,0.025452455134107408,1031.4157274711279,0.312924383987749,1,0,0,0,4,3100.0,2,0.4,0,0.0,0.0,1,1
Nagpur,Maharashtra,21.060500010827266,79.09525747867549,23,0,8,49.99300455688095,64.06945838315765,2.110459153138227,9.494887176185214,0.8005943426837877,989.9025141194041,0.6065662285248066,0,1,0,0,1,3100.0,2,0.4,0,0.0,0.0,0,0
Nagpur,Maharashtra,21.078886909952377,79.11309194036103,1,6,12,25.597425917847186,46.766282568588466,22.38456814946233,19.259124493112914,0.14929741641272581,1003.5723390815874,0.06617618987410262,0,1,0,0,1,3100.0,2,0.4,0,0.0,0.0,1,2
Indore,Madhya Pradesh,22.791268160098227,75.82021167119095,8,5,7,14.605660884545665,41.52087887705552,16.269440555927503,3.3293199547319228,3.322271879218248,1022.2901417339817,0.11158959253887347,0,0,0,1,1,3000.0,2,0.4,0,0.0,0.0,0,0
Indore,Madhya Pradesh,22.639277844060388,75.78226926945327,8,1,5,18.307917073644354,61.726383103495884,5.807902174223196,1.95607272259194,0.5513537527867115,1000.7665338715116,0.27834949407615367,0,0,1,0,1,3000.0,2,0.4,0,0.0,0.0,0,0
Indore,Madhya Pradesh,22.654228681885446,75.9188749115894,6,4,5,28.14626138344895,45.45810103214564,16.16209330533435,8.097643617577516,0.6687368980173092,1009.8458297293577,0.2164238559424165,0,0,0,1,1,3000.0,2,0.4,0,0.0,0.0,0,0
Indore,Madhya Pradesh,22.663462083733755,75.7635430343846,5,4,7,27.783342923255212,69.89502642185361,16.13431832179232,10.413428981708405,0.65341584036717,1008.2348074360975,0.35711616870021967,0,1,0,0,2,3000.0,2,0.4,0,0.0,0.0,2,1
Indore,Madhya Pradesh,22.808005357297283,75.93403253646142,22,0,8,25.318431425681947,78.77652990278224,6.1862324615678554,13.196391000623928,2.6488711561653933,1007.4676361762785,0.13266222286762025,0,1,0,0,0,3000.0,2,0.4,0,0.0,0.0,0,1
Indore,Madhya Pradesh,22.626017854226387,75.93922000306752,5,5,8,34.95420344841884,43.55354516618308,23.642153956572805,11.222496069225013,0.6877047889130895,1011.656322245041,0.5100192070591093,1,0,0,0,2,3000.0,2,0.4,0,0.0,0.0,2,2
Indore,Madhya Pradesh,22.75938900026931,75.79203451175516,14,3,2,34.255848536988836,89.5648904451133,13.313948073595602,16.755955476405653,0.8621041018097481,1008.7554339900803,0.21758984332572504,1,0,0,0,1,3000.0,2,0.4,0,0.0,0.0,0,0
Indore,Madhya Pradesh,22.706807783876002,75.88991801943746,0,5,1,30.44586760496564,78.91252404217019,16.269295345303718,6.524362877421379,0.35008893488206255,1029.9956363713452,0.5120197748249082,0,0,0,1,2,3000.0,2,0.4,0,0.0,0.0,2,0
Indore,Madhya Pradesh,22.681458397799123,75.7846331966135,12,5,9,33.399809507186326,85.06731544390956,1.1193391079538864,19.777047670737748,1.9677785279503803,1034.1937023932528,0.3674216099976798,1,0,0,0,0,3000.0,2,0.4,0,0.0,0.0,0,0
Indore,Madhya Pradesh,22.66638496351952,75.92482554752631,20,4,9,16.604712691055134,43.16402076075334,11.546925957776766,17.469967389345417,0.3063261700668177,986.1266435611573,0.5671310023941175,1,0,0,0,1,3000.0,2,0.4,0,0.0,0.0,0,1
Indore,Madhya Pradesh,22.68825302798108,75.91044486790763,23,4,4,30.993228673414592,57.04047639150189,1.419821337700025,19.25632103610757,0.47210500021423357,977.5430095551933,0.2649469122588618,0,0,0,1,1,3000.0,2,0.4,0,0.0,0.0,0,0
Indore,Madhya Pradesh,22.793197935184978,75.80399480477368,6,4,11,32.25670492184023,76.10815016128427,4.278190265868117,3.5296578021906035,0.4155841653712452,1014.8817125088838,0.23182988205993926,0,0,1,0,2,3000.0,2,0.4,0,0.0,0.0,0,0
Indore,Madhya Pradesh,22.691923014963656,75.91695405003965,6,3,4,29.53392489503327,71.54974778623063,18.781059371221556,17.023191804050924,0.23721355202592243,1006.025592762045,0.3002528826459192,1,0,0,0,1,3000.0,2,0.4,0,0.0,0.0,0,0
Indore,Madhya Pradesh,22.78990179975153,75.7704566764162,2,4,4,32.87305203326264,40.05984695224052,2.811379719176082,4.902821154106804,0.2586432402473157,1016.0035667135102,0.37797265641918604,0,0,1,0,1,3000.0,2,0.4,0,0.0,0.0,0,0
Indore,Madhya Pradesh,22.6400882887197,75.78327764708241,1,5,11,24.34747213154266,84.85365123198932,3.1160504634968733,19.73271216344654,0.05837840953385549,999.0621083623794,0.07050147124549902,0,0,0,1,0,3000.0,2,0.4,0,0.0,0.0,1,1
Thane,Maharashtra,19.18982877149769,73.03867779391847,6,6,1,46.935278939898616,77.72584985979418,17.645412341927546,12.520554731710998,0.05684322889262447,1000.2979303102978,0.23166613069301684,0,0,1,0,0,2200.0,3,0.6,1,0.2,0.0,1,1
Thane,Maharashtra,19.123445904898837,73.01831391634533,5,4,4,35.94040204911704,86.72142074602009,0.027174248805097136,15.236803625173545,0.22052941813574417,1016.6822832777312,0.01336947273824991,0,0,1,0,2,2200.0,3,0.6,1,0.2,0.0,1,0
Thane,Maharashtra,19.172393196294372,72.9186889146785,19,5,11,33.31888336461997,70.0926029596438,4.9000693552976635,11.119284431552558,0.23773461256960354,1022.4438325622899,0.061610961541751864,0,0,0,1,0,2200.0,3,0.6,1,0.2,0.0,1,0
Thane,Maharashtra,19.221705797188946,72.99079988525114,7,3,1,21.9335867964679,81.31043776256666,1.343148581401005,5.6424441904738405,0.15932916298795954,1012.3314521387692,0.5014832236027374,0,0,1,0,0,2200.0,3,0.6,1,0.2,0.0,0,1
Thane,Maharashtra,19.25660439344863,72.96258501995476,13,4,12,23.087476751465395,41.57892112978786,15.699009511319744,5.606598020632755,0.053186295162781616,1045.3445912974687,0.07532901513753448,1,0,0,0,1,2200.0,3,0.6,1,0.2,0.0,1,0
Thane,Maharashtra,19.134932404908295,73.0569962574001,11,6,11,27.421729507919103,80.08751200730418,4.668469939482193,12.805899266446847,1.7727187051675037,992.5256556590901,0.09210538806695809,0,1,0,0,0,2200.0,3,0.6,1,0.2,0.0,1,1
Thane,Maharashtra,19.176677287879283,73.07537622344618,17,6,5,26.738780337975378,89.26579738467014,16.86394064767847,3.74085639319948,1.5714978164824107,1028.504551437914,0.34695002127125646,0,0,1,0,5,2200.0,3,0.6,1,0.2,0.0,1,1
Thane,Maharashtra,19.23814892586207,72.97007353711766,14,0,12,29.263153462440492,72.36277644646488,39.63477844578101,14.513178926268338,0.658904406623681,980.7927970281446,0.5213676870599098,1,0,0,0,0,2200.0,3,0.6,1,0.2,0.0,0,0
Thane,Maharashtra,19.29785140150271,72.93859845577656,17,6,11,30.77121011871881,81.58612334405781,5.037198420016456,13.95750178958453,0.5423567296128327,996.6656937974199,0.5567626101553106,1,0,0,0,0,2200.0,3,0.6,1,0.2,0.0,1,1
Thane,Maharashtra,19.14618694509155,72.89481611360594,7,0,10,29.585036388118553,51.70039903448358,16.64016343243781,8.405306460254268,0.30994478474359083,982.7214432587923,0.46904785766438445,0,1,0,0,1,2200.0,3,0.6,1,0.2,0.0,0,0
Thane,Maharashtra,19.205068377449145,72.98273495703799,21,3,9,15.622063331275477,45.13413208688908,18.67706699376059,2.974620137662844,6.742440960044249,1024.1789664631997,0.16099096160873852,0,1,0,0,1,2200.0,3,0.6,1,0.2,0.0,1,2
Bhopal,Madhya Pradesh,23.239403380799317,77.40117885235802,16,1,12,27.205575707475226,60.53737703431711,9.720202169860023,13.031293996732677,0.6118876699466537,1009.3753137811829,0.08785097053640792,0,0,0,1,1,2400.0,2,0.4,0,0.0,0.0,0,0
Bhopal,Madhya Pradesh,23.33589514003134,77.35922039016499,20,4,10,16.40975755257645,65.48671936580871,8.480255314397393,1.2135646663735296,1.1983426350674167,1009.4350411335572,0.12375743906731962,1,0,0,0,0,2400.0,2,0.4,0,0.0,0.0,0,0
Bhopal,Madhya Pradesh,23.329813339867098,77.3678559362716,15,3,1,15.200224982380298,52.6396920766896,2.98601845668844,16.725996845047476,0.18731901698737738,975.725364076357,0.19983162233430177,0,1,0,0,0,2400.0,2,0.4,0,0.0,0.0,0,0
Bhopal,Madhya Pradesh,23.23739930615979,77.50775330987821,2,0,1,29.990291238317706,60.28479084715738,5.798620767709529,2.1541853169143863,0.12319788353256968,985.9586859502379,0.3712947006577774,0,1,0,0,2,2400.0,2,0.4,0,0.0,0.0,1,1
Bhopal,Madhya Pradesh,23.18050732289701,77.47868825692309,23,5,5,32.15615669394055,49.931973582231855,4.527618964551307,19.519422096092086,0.08930174069302438,987.7299493010402,0.4796594103865801,0,0,0,1,0,2400.0,2,0.4,0,0.0,0.0,1,1
Bhopal,Madhya Pradesh,23.2894940956436,77.38025026569343,3,3,6,23.121138939102217,55.642429273643884,6.001733350455489,3.9607029090528094,0.6264795410417375,1030.2364237277295,0.5702796241576825,0,1,0,0,0,2400.0,2,0.4,0,0.0,0.0,1,1
Bhopal,Madhya Pradesh,23.35496530949655,77.37609957968725,21,4,3,32.48269496874646,70.06666450509954,22.140058622646066,18.49587376269487,0.5037987582352996,1009.897713742744,0.16265002139756096,1,0,0,0,0,2400.0,2,0.4,0,0.0,0.0,0,0
Bhopal,Madhya Pradesh,23.202211604356027,77.38156141302167,4,5,12,34.15793945599021,51.29633487897866,19.743609815344612,8.111004096283766,0.2204213266620114,981.9433872840599,0.2741760888027142,1,0,0,0,0,2400.0,2,0.4,0,0.0,0.0,1,1
Bhopal,Madhya Pradesh,23.33989465792569,77.50436180417911,11,6,5,21.204171218122866,53.43686406173315,5.095435928127591,15.518929077490636,0.14300530005084341,1024.8392217849414,0.4105360493990489,0,1,0,0,0,2400.0,2,0.4,0,0.0,0.0,0,1
Bhopal,Madhya Pradesh,23.351268820156406,77.40466710456906,7,5,7,25.072456226248,44.736530626692826,27.637359067464047,13.454079728857671,0.1395658227480093,1018.9779905514617,0.3609245468371349,0,1,0,0,1,2400.0,2,0.4,0,0.0,0.0,0,0
Bhopal,Madhya Pradesh,23.169141815189313,77.50301702693298,8,2,9,33.56266313550681,50.66134186414198,27.04034795993035,5.820219853160319,1.7321992645220674,981.9592764410605,0.29620641488188426,0,1,0,0,0,2400.0,2,0.4,0,0.0,0.0,0,1
Bhopal,Madhya Pradesh,23.164168866358217,77.33177770870927,7,4,6,23.995117711846248,69.90308127485936,5.226802871644872,5.686160845659345,1.2499063261256693,1024.5833293306123,0.5189192533718046,0,0,1,0,3,2400.0,2,0.4,0,0.0,0.0,1,1
Visakhapatnam,Andhra Pradesh,17.706652804519276,83.1799548104918,10,3,7,37.72817005377449,85.48221905750384,5.462266867173792,7.986750289913575,5.690601058083229,1012.4588071992571,0.3062915781905103,0,1,0,0,2,2200.0,2,0.4,1,0.1,1.0,1,1
Visakhapatnam,Andhra Pradesh,17.602186652347836,83.24671049768831,1,5,7,26.333772124289855,84.65041707689355,2.0593929233540824,2.534618776618578,1.8495033156734535,992.0309991791826,0.4391590174542148,0,1,0,0,2,2200.0,2,0.4,1,0.1,1.0,3,3
Visakhapatnam,Andhra Pradesh,17.754483967560134,83.29191985982939,2,1,4,23.5125057368949,72.03331166530602,19.38809256037927,14.59468897781315,0.12013274189944981,997.8496627206935,0.11056628578298013,0,0,1,0,2,2200.0,2,0.4,1,0.1,1.0,2,1
Visakhapatnam,Andhra Pradesh,17.715922347942684,83.14049571800119,14,6,11,30.561194210466944,63.39993607712768,1.9791817544115011,3.608989298820989,1.0598644584973673,1023.9208865359375,0.61602701834409,0,0,1,0,2,2200.0,2,0.4,1,0.1,1.0,2,1
Visakhapatnam,Andhra Pradesh,17.630362907007047,83.29083191599831,0,6,4,31.86186606438423,68.48366224189022,17.44578088497226,13.645249806825918,0.9846323213975278,1004.4323393616191,0.17556098069840909,1,0,0,0,4,2200.0,2,0.4,1,0.1,1.0,3,3
Visakhapatnam,Andhra Pradesh,17.731637974838986,83.14794266393427,21,1,11,33.4030402898915,60.867591296526996,0.9900631818419086,7.095007413856988,0.30969511492651,1002.3629482458499,0.3676568133518461,0,1,0,0,2,2200.0,2,0.4,1,0.1,1.0,1,1
Visakhapatnam,Andhra Pradesh,17.712999258781775,83.27568035013657,18,2,3,15.235639204582098,59.25652384790636,6.83194800067408,8.286676196860823,0.36460328745250864,984.4967525723106,0.5374864718988183,0,0,0,1,2,2200.0,2,0.4,1,0.1,1.0,1,1
Visakhapatnam,Andhra Pradesh,17.641263745959375,83.21111895992154,5,6,4,21.059065152657926,66.86790199946924,9.035028414887794,12.707165296108451,0.5958108080835821,1017.979211066452,0.3110513973753503,1,0,0,0,1,2200.0,2,0.4,1,0.1,1.0,2,2
Visakhapatnam,Andhra Pradesh,17.67943300884243,83.14186130487846,0,6,3,17.208098206006028,41.784857656483126,8.599785873358858,12.558430231545298,0.2365651079767701,1010.4389594808547,0.13668576560542334,0,0,0,1,5,2200.0,2,0.4,1,0.1,1.0,3,2
Visakhapatnam,Andhra Pradesh,17.605390636421255,83.17336304768291,19,0,11,40.21754812105731,56.434586355764424,12.654469530174559,13.351998303183153,1.2632678594740463,1013.4557833090273,0.13282043043606143,0,1,0,0,4,2200.0,2,0.4,1,0.1,1.0,2,2
Visakhapatnam,Andhra Pradesh,17.701908929608567,83.16439553206227,16,2,6,24.339257370362144,74.24685089639316,5.906692424739639,5.1587006342544885,4.492038835214281,999.4837369599223,0.27975704885814767,0,0,1,0,4,2200.0,2,0.4,1,0.1,1.0,2,1
Pimpri-Chinchwad,Maharashtra,18.598651891009887,73.88343704883567,1,6,3,24.619952047626708,52.44369679667878,10.978969094841368,7.269473981827927,0.6582133381460094,1000.1284091864385,0.05590783639235433,1,0,0,0,2,2000.0,3,0.6,0,0.2,0.0,2,1
Pimpri-Chinchwad,Maharashtra,18.678115302441455,73.79199072388093,17,0,5,33.10899669481138,46.36629244270234,7.010730047253536,13.357560910143539,0.2674957817982903,997.5018186797894,0.2510401035898934,0,1,0,0,0,2000.0,3,0.6,0,0.2,0.0,0,0
Pimpri-Chinchwad,Maharashtra,18.685002085690464,73.78187674322167,19,6,2,19.737851469160105,86.59051743950204,10.069254365914624,5.633890312232608,2.0371424355516097,992.2926950763595,0.1502793644288641,0,0,1,0,1,2000.0,3,0.6,0,0.2,0.0,1,0
Pimpri-Chinchwad,Maharashtra,18.55945750664413,73.81617012503926,7,6,10,14.643459585148213,75.03164897347844,30.655495522768476,16.14407973488735,0.12580467094692172,1004.9832892995205,0.24791243304679533,1,0,0,0,5,2000.0,3,0.6,0,0.2,0.0,1,1
Pimpri-Chinchwad,Maharashtra,18.64597890258334,73.72623931212755,13,6,4,15.044589645288859,77.0589396933126,3.0722758386588715,7.239078016283493,0.6832432250099325,994.9419426227759,0.11910095322471062,0,0,0,1,1,2000.0,3,0.6,0,0.2,0.0,1,1
Pimpri-Chinchwad,Maharashtra,18.546396563653,73.84396135435273,2,6,2,20.706950626205643,88.78367709395565,20.228887432442896,3.111672554774227,1.2395034624429992,1003.036687003138,0.11130596860722387,0,1,0,0,0,2000.0,3,0.6,0,0.2,0.0,1,1
Pimpri-Chinchwad,Maharashtra,18.601547906654474,73.81093024596153,20,2,1,16.261483252118715,71.7728069366677,0.12319757246894925,8.382891732481816,0.1363959711098442,1017.0595584850014,0.21785302713895374,1,0,0,0,4,2000.0,3,0.6,0,0.2,0.0,1,1
Pimpri-Chinchwad,Maharashtra,18.638465738201898,73.787108971932,6,2,11,29.438209894211198,65.26616045936535,10.292781196987004,15.463090467577706,0.13398079433927595,1029.9870362378822,0.30859569508248874,0,1,0,0,1,2000.0,3,0.6,0,0.2,0.0,0,0
Pimpri-Chinchwad,Maharashtra,18.632988872067685,73.80723690628254,1,0,7,31.097113589956066,83.7783712237048,12.556713033569082,16.244179664037517,6.97763867257637,1020.6813649077097,0.41382579232963057,0,0,0,1,1,2000.0,3,0.6,0,0.2,0.0,0,0
Pimpri-Chinchwad,Maharashtra,18.54193354049387,73.74415217350317,13,0,5,32.99903373768323,83.06113912653558,20.27500922698541,10.482620568854816,0.24925458279163926,985.066491073183,0.11719927031421526,0,0,1,0,2,2000.0,3,0.6,0,0.2,0.0,1,0
Patna,Bihar,25.635139972102074,85.20013020804909,8,2,9,25.749688268616307,49.73398968638834,11.81874776935793,18.349607805984988,0.5993854248783309,975.9922375436191,0.313241853972303,0,0,1,0,2,2300.0,4,0.8,0,0.0,0.0,0,0
Patna,Bihar,25.57690331393259,85.1135347806068,21,4,11,26.090898355149637,66.90805597327437,9.768841507271421,9.123892580933939,0.025373535007557558,1002.6290974372941,0.45603213568075346,0,1,0,0,0,2300.0,4,0.8,0,0.0,0.0,0,0
Patna,Bihar,25.581250468317116,85.1587878007211,17,6,6,21.42500695580322,84.70434850871706,19.727327914934218,4.101156300576477,1.1254042408765514,1007.5170310678119,0.1987773791714432,0,0,1,0,2,2300.0,4,0.8,0,0.0,0.0,1,1
Patna,Bihar,25.644260035198993,85.10154283534742,18,1,1,20.59548338119311,41.94569836197667,1.8233692811495394,4.223151986452786,0.13218431394105964,1029.0317416876092,0.07662881234600158,0,1,0,0,1,2300.0,4,0.8,0,0.0,0.0,0,0
Patna,Bihar,25.58621976658375,85.06343611720311,1,2,12,34.461031834524086,61.805564157301674,17.411366354608035,16.70388022282599,0.693287946341738,1014.1009492854869,0.21836236374408105,1,0,0,0,3,2300.0,4,0.8,0,0.0,0.0,1,2
Patna,Bihar,25.555137220568106,85.17456898035053,1,0,6,26.891255375401542,51.022157013929544,0.16083728293784003,13.046744116013855,1.2450549899199277,1023.2637252608829,0.5665560264999993,0,0,1,0,5,2300.0,4,0.8,0,0.0,0.0,1,1
Patna,Bihar,25.554503737088467,85.12892756851119,0,6,12,25.478835316998815,55.66726761538842,7.391219493640403,1.2779842117029716,0.3968053592968881,1000.0334109946939,0.20118391033118366,0,1,0,0,2,2300.0,4,0.8,0,0.0,0.0,2,2
Patna,Bihar,25.507837848713102,85.19696115637356,11,1,4,20.593898014847866,80.48270936016343,15.738592191359837,14.9940290123958,0.07502414956838102,1025.6542499228174,0.25985671427118323,1,0,0,0,1,2300.0,4,0.8,0,0.0,0.0,0,0
Patna,Bihar,25.564951214543527,85.13443441199122,17,0,10,21.321793481885173,51.78023558430025,4.678549352932978,9.671424287182038,0.8201473011065714,1003.6789334736005,0.22484362467481936,0,0,1,0,5,2300.0,4,0.8,0,0.0,0.0,1,2
Patna,Bihar,25.58078879267923,85.22808014741837,17,1,6,24.310966372945728,66.49795111648336,16.478632128199145,10.68882446145753,0.8144281803892431,1007.5248965981385,0.31987357598924354,0,0,1,0,0,2300.0,4,0.8,0,0.0,0.0,0,0
Patna,Bihar,25.67650602248338,85.20437377897422,9,5,9,19.538717591308277,47.77049218384388,0.6196286523063272,2.1157174635049394,3.1948990426064428,964.8948760962837,0.24230863721157914,1,0,0,0,0,2300.0,4,0.8,0,0.0,0.0,1,1
Vadodara,Gujarat,22.40328363862745,73.17758306337348,11,2,8,21.95029194225398,75.29228460432998,4.623460138583701,2.4905824887390806,0.9347608244670165,1008.7643902378163,0.27690999725151055,0,0,1,0,1,2100.0,3,0.6,0,0.0,0.0,0,0
Vadodara,Gujarat,22.27438724948662,73.20915128427883,10,6,1,17.472273951340078,69.20611850658021,2.675264787879483,2.2875114695273098,0.40042645730192594,1009.7029124273455,0.1997098933681913,0,0,0,1,2,2100.0,3,0.6,0,0.0,0.0,1,1
Vadodara,Gujarat,22.353876910733323,73.13746753349635,19,6,3,36.40298440288883,48.85857760594866,7.1587639286074465,6.772192502093396,0.22698639128233647,996.7127856361637,0.28237217027495354,0,1,0,0,1,2100.0,3,0.6,0,0.0,0.0,0,0
Vadodara,Gujarat,22.347861031410027,73.26772021605318,8,5,8,26.726733332227123,58.643205219555064,7.299532353699756,14.884931508269885,0.8985556396246795,1016.0297700962274,0.3553184593035637,1,0,0,0,1,2100.0,3,0.6,0,0.0,0.0,0,0
Vadodara,Gujarat,22.234962064856873,73.2181603050022,19,1,3,20.708418965303874,69.69919117952966,1.4264396017426453,2.463230024646687,0.026243776751870302,1008.425585586345,0.5072598431141326,1,0,0,0,1,2100.0,3,0.6,0,0.0,0.0,0,0
Vadodara,Gujarat,22.262736044534407,73.2226587643558,15,6,10,14.099937354619657,64.55931020381252,12.241896515570332,2.3086254008613087,0.3358936733341822,1012.1039190501144,0.37790030159815424,0,0,1,0,1,2100.0,3,0.6,0,0.0,0.0,0,0
Vadodara,Gujarat,22.229489608173424,73.16652767978046,16,1,12,31.279260081001052,51.65457309850434,8.868012121964593,8.414449352833909,0.9941695106212713,1021.905216000341,0.08110930152360366,0,0,1,0,0,2100.0,3,0.6,0,0.0,0.0,0,0
Vadodara,Gujarat,22.267617567897446,73.14645741409042,0,3,12,27.115868881165724,70.44569319016989,13.85673752205101,8.94921071286868,0.46909586095389616,1008.9064408469678,0.18582642976531566,1,0,0,0,3,2100.0,3,0.6,0,0.0,0.0,2,1
Vadodara,Gujarat,22.388974806874568,73.08929760115099,11,3,5,36.38359378663401,42.51556518873907,1.2989962106618045,17.587665064096182,1.0252355183401172,1014.6367114990585,0.41366767240139063,0,0,0,1,1,2100.0,3,0.6,0,0.0,0.0,0,1
Vadodara,Gujarat,22.258860689574433,73.16929109780109,5,6,8,18.705638527598083,56.94726401086366,3.2509435314936446,8.236225524620686,0.8823340476763802,1006.9433508599603,0.15952998537280827,0,0,1,0,0,2100.0,3,0.6,0,0.0,0.0,1,1
Ludhiana,Punjab,30.96599999769648,75.90830098735137,15,1,5,25.0169227098905,40.71853404178021,8.532363559521292,18.935482808382886,0.8612855930906668,1014.1680802026516,0.14083018491651372,0,1,0,0,2,1900.0,4,0.8,0,0.0,0.0,1,1
Ludhiana,Punjab,30.821313304013483,75.94382293047524,6,1,9,18.002406764105785,68.25075807599887,13.205785260906538,7.084390959942878,0.10731685562614628,1011.1545144734412,0.23408296690254643,0,0,1,0,0,1900.0,4,0.8,0,0.0,0.0,0,0
Ludhiana,Punjab,30.87554875808523,75.81155323650908,18,2,7,36.39407216018519,84.24628644076756,22.74931888307389,13.795079323740755,1.7320603006144246,991.760788346621,0.5865544207490769,1,0,0,0,0,1900.0,4,0.8,0,0.0,0.0,0,0
Ludhiana,Punjab,30.857545352991565,75.95277157275108,6,1,12,29.79273550883267,43.670009119176626,16.49451815378301,12.862827571925246,0.20304049103865585,1001.4683453861905,0.5616157040927569,0,0,1,0,0,1900.0,4,0.8,0,0.0,0.0,0,0
Ludhiana,Punjab,30.944677147735074,75.83075366732041,0,3,10,33.23803692439358,51.96002382690913,5.017865535094201,6.223215094666643,0.4796721252456159,1031.4066120448633,0.39481711461760216,0,1,0,0,5,1900.0,4,0.8,0,0.0,0.0,2,1
Ludhiana,Punjab,30.841438280706587,75.8658047986115,1,5,5,29.78561828371783,73.87295957031856,0.6839334312490477,3.646295600025691,0.09404113196554922,1002.2952772401169,0.12075774197398727,0,0,1,0,0,1900.0,4,0.8,0,0.0,0.0,1,2
Ludhiana,Punjab,30.807723341049524,75.81429985486909,6,6,1,25.80474124811365,65.0147205150041,48.3079185584565,12.592790072540453,0.14409760264398525,1017.4812945878151,0.32880467325903856,0,0,1,0,0,1900.0,4,0.8,0,0.0,0.0,1,1
Ludhiana,Punjab,30.94979433438353,75.87562411592138,7,0,7,25.40243985056683,75.34353485676691,4.033736330286731,6.736507632290142,3.1049542623251707,993.8767402988844,0.34963571931727,0,1,0,0,4,1900.0,4,0.8,0,0.0,0.0,1,0
Ludhiana,Punjab,30.878782666670446,75.9353100957826,11,3,10,14.696533833127024,52.547680525345584,4.002029534171029,12.551564899158006,0.08442395875636585,1016.3775465497308,0.5911198942539583,0,1,0,0,1,1900.0,4,0.8,0,0.0,0.0,0,0
Agra,Uttar Pradesh,27.16176944677139,78.0451666975074,9,0,7,13.371933172083564,52.342081797581464,5.58386021929215,12.119388035505995,3.849797163811013,1007.8498854786998,0.09767025663571538,0,1,0,0,0,1800.0,3,0.6,0,0.3,0.0,0,0
Agra,Uttar Pradesh,27.216571923785473,78.08759846437695,12,3,1,21.207201045980586,86.97060781512965,2.1666325291274577,18.927915318784862,1.1453242891044257,1024.5975880419744,0.2876850612948074,0,0,1,0,0,1800.0,3,0.6,0,0.3,0.0,0,0
Agra,Uttar Pradesh,27.149078901831878,78.02615886888532,13,1,2,33.68661710167828,69.77197880747642,8.433345699133042,18.20623659947546,0.8485463775129033,1001.648377785409,0.41780643433859355,0,0,1,0,2,1800.0,3,0.6,0,0.3,0.0,0,0
Agra,Uttar Pradesh,27.12190568584528,78.04084147453071,15,5,8,34.15548763912482,57.40836660799748,23.675508406133634,15.459054401752818,0.4856126825818158,1025.6264732549976,0.16095780534928195,0,1,0,0,1,1800.0,3,0.6,0,0.3,0.0,0,0
Agra,Uttar Pradesh,27.244664464656978,78.05329540885485,12,2,10,30.06282628273265,81.71980566144461,19.87623359399601,17.46818109125814,0.047626015795131274,1006.072417359305,0.3287571610520076,0,0,0,1,2,1800.0,3,0.6,0,0.3,0.0,1,1
Agra,Uttar Pradesh,27.08997349937525,78.05360550296197,22,6,1,31.200448347301514,43.23962876460482,24.602318214495046,9.421215102801531,1.403166057418352,1012.6962366431095,0.17907230552343575,0,1,0,0,2,1800.0,3,0.6,0,0.3,0.0,1,2
Agra,Uttar Pradesh,27.15653557005919,77.92329599134112,23,5,4,39.6430427277968,54.60516490322042,0.5153578528326705,10.183436392058091,0.049386121081353325,1011.3855844999077,0.30002248675779347,0,1,0,0,1,1800.0,3,0.6,0,0.3,0.0,1,1
Agra,Uttar Pradesh,27.214058663768,77.97015545331806,0,2,8,35.38754629105253,58.6116234229994,6.113783523042169,7.077068057631896,0.49449980687832573,1009.9980219096992,0.3867326039709157,0,1,0,0,1,1800.0,3,0.6,0,0.3,0.0,1,1
Agra,Uttar Pradesh,27.09008407694599,77.93341518368419,9,5,10,27.971518230127824,78.83268293770274,10.27926772889052,3.924489693451217,0.5391893726470245,1015.3800614718632,0.29299165489405077,0,1,0,0,0,1800.0,3,0.6,0,0.3,0.0,1,2
Nashik,Maharashtra,20.09673422448065,73.80631270557181,4,6,4,37.253852669059015,43.25677691258788,10.393480385952314,7.157738229553502,0.06913843425143539,1024.615581162926,0.6177576040330305,0,0,1,0,2,1700.0,3,0.6,0,0.2,0.0,2,2
Nashik,Maharashtra,19.949409879358143,73.76835991421383,18,0,8,32.85921058347195,75.79651283559623,11.037390750594707,5.021878744747408,0.9508476240669483,1004.4635288211845,0.14642227548093345,0,0,1,0,2,1700.0,3,0.6,0,0.2,0.0,0,0
Nashik,Maharashtra,19.995964222198428,73.8360745328129,12,3,1,34.34201609783753,59.03004882325413,18.369453170968807,1.715097017827709,0.2803162320439368,1003.6838338754332,0.2428285761027321,1,0,0,0,2,1700.0,3,0.6,0,0.2,0.0,0,0
Nashik,Maharashtra,19.97930988444312,73.82445236447055,13,6,7,6.588227415995654,58.22614755723298,4.537539483385697,19.558145480124395,1.4710312830439136,1004.0720377373442,0.07792815001209093,0,0,1,0,1,1700.0,3,0.6,0,0.2,0.0,0,0
Nashik,Maharashtra,20.063358456294935,73.87764994824721,2,3,4,35.514299652268605,49.50031117762536,1.0043665693444728,14.76445919059936,0.3806537257268124,1036.6436262848342,0.10439681190911972,1,0,0,0,1,1700.0,3,0.6,0,0.2,0.0,0,0
Nashik,Maharashtra,19.951957089378915,73.71870095250097,7,3,12,14.726742037115546,58.14987339502634,3.7780503370279424,13.661571624429572,0.799289384042521,1027.1719632218717,0.392242743743974,0,1,0,0,3,1700.0,3,0.6,0,0.2,0.0,1,0
Nashik,Maharashtra,20.053561142702037,73.77206369400203,15,3,12,38.474288018703646,84.91660408724391,0.7192678814263626,13.50970369852689,0.053213369696707986,1020.8221323077398,0.13056729390870886,1,0,0,0,1,1700.0,3,0.6,0,0.2,0.0,0,0
Nashik,Maharashtra,20.06196129435065,73.77776204466235,13,0,7,15.667122608489617,48.94777059640134,13.164158243887636,13.753008890784583,6.564512960274282,1006.9989547583172,0.22245036200382798,0,0,0,1,0,1700.0,3,0.6,0,0.2,0.0,0,0
Faridabad,Haryana,28.38830401226031,77.37329594656586,8,6,5,27.25902507730289,58.29243278531628,3.767670343852071,15.437082587097649,0.8830577391525968,1003.2158068109828,0.6721075430027803,1,0,0,0,0,1600.0,4,0.8,0,0.3,0.0,1,0
Faridabad,Haryana,28.30972133554382,77.3137714582,18,5,7,29.232188427500464,40.93360924209951,34.066178277289055,13.304518941607128,0.1890110703732943,1021.4764490150716,0.059428671053553025,1,0,0,0,2,1600.0,4,0.8,0,0.3,0.0,1,1
Faridabad,Haryana,28.431880909353232,77.37956029354098,13,3,5,35.100362179975306,53.935781299751554,28.37451564779326,9.63973291262458,0.07643972470012667,988.4567073397307,0.36550988598736806,0,0,1,0,2,1600.0,4,0.8,0,0.3,0.0,1,1
Faridabad,Haryana,28.37699293139205,77.3184650545519,19,0,8,15.923055986406585,67.68339301531569,6.980529979868799,8.039807191870352,2.416164229460057,1030.317590898868,0.42548588537517446,0,1,0,0,1,1600.0,4,0.8,0,0.3,0.0,0,0
Faridabad,Haryana,28.38201806632126,77.3317406182945,14,1,7,23.597635053420927,62.427510314378665,2.3717936786409415,1.7406878875960343,1.7527035697790765,1033.976700667845,0.4643745057805138,0,0,1,0,1,1600.0,4,0.8,0,0.3,0.0,0,0
Faridabad,Haryana,28.40373460083422,77.23635445086757,7,4,5,32.35233866979929,69.4240899070994,11.440816258068335,15.368236789728956,0.24543470891436275,1004.3566998695901,0.24501991897567343,1,0,0,0,0,1600.0,4,0.8,0,0.3,0.0,0,0
Faridabad,Haryana,28.45089594975894,77.3811284655036,2,1,4,24.16992757668779,65.17482957821152,0.5966884156266055,5.282746294402724,0.027962580613124725,1011.5601863126927,0.5512512561156562,1,0,0,0,0,1600.0,4,0.8,0,0.3,0.0,0,0
Faridabad,Haryana,28.463113580728166,77.34681915582539,5,0,2,19.157598696845447,89.04998026235009,18.750955266069575,8.149212064391113,0.0715634783180364,1022.9022593545609,0.37881941200656766,1,0,0,0,0,1600.0,4,0.8,0,0.3,0.0,1,0
Meerut,Uttar Pradesh,29.03989179675647,77.60872133748802,22,0,6,34.214097900292685,43.528159564555715,15.383408285717458,10.157675834273682,0.2919573462033733,1040.1553502124254,0.4742818029530011,1,0,0,0,1,1500.0,4,0.8,0,0.3,0.0,1,0
Meerut,Uttar Pradesh,28.959827129313926,77.63886815927113,7,1,12,26.87246778701694,66.58548449245214,9.095606437877882,9.918310990832357,0.8085095775782718,1006.0645564084355,0.474936661515113,1,0,0,0,1,1500.0,4,0.8,0,0.3,0.0,0,0
Meerut,Uttar Pradesh,29.068899623409834,77.73458669409257,2,3,7,20.572586581024815,88.78527320658947,13.154440064607229,19.053188492707303,3.422162597211259,1027.2550707941589,0.12582294458403312,0,1,0,0,2,1500.0,4,0.8,0,0.3,0.0,2,2
Meerut,Uttar Pradesh,28.9151431535439,77.79828464880268,7,2,4,24.016270909781262,44.11960841868755,9.829018810601037,15.729807625800195,0.040545870936040805,1008.5466008612952,0.40898485857401584,0,1,0,0,0,1500.0,4,0.8,0,0.3,0.0,0,0
Meerut,Uttar Pradesh,29.038970884208076,77.72239980231514,11,6,1,34.01009891832746,74.68384810416615,10.340971077185817,7.698880450195382,0.014076332011203625,996.9295248457765,0.2912860137192216,0,0,1,0,0,1500.0,4,0.8,0,0.3,0.0,0,1
Meerut,Uttar Pradesh,28.926956409166444,77.62780306158427,18,3,12,15.316525087193636,54.35989055045373,1.3973819520333755,19.398258944221688,0.14863933806893187,1030.2548055473435,0.026811293499489842,0,1,0,0,2,1500.0,4,0.8,0,0.3,0.0,1,0
Meerut,Uttar Pradesh,28.985157019596677,77.67334054775718,23,3,10,47.69656104855595,58.194581927733324,10.088511242462497,2.3365501488187363,1.4724384707886153,1030.088442604643,0.1016818502773671,0,1,0,0,1,1500.0,4,0.8,0,0.3,0.0,1,0
Rajkot,Gujarat,22.248400269180827,70.80389355817853,9,2,4,43.87985662600984,44.136308071236606,2.6096725347430945,3.7759377775920817,0.39019537767258394,1018.1762850792888,0.5090708853010182,0,1,0,0,0,1500.0,3,0.6,0,0.5,0.0,0,0
Rajkot,Gujarat,22.403086508457356,70.85325262268339,10,1,3,33.29401298754094,67.2462310935915,3.961527374912885,11.167078439534933,0.3828452502168324,1035.8988392081408,0.2508534890727501,0,1,0,0,2,1500.0,3,0.6,0,0.5,0.0,1,1
Rajkot,Gujarat,22.219796143403276,70.82651142730003,8,0,3,34.21466182314463,63.104388566092396,4.982176922695962,13.119964212178955,0.3092560485333346,1023.1907782986724,0.26367295616368774,0,1,0,0,0,1500.0,3,0.6,0,0.5,0.0,0,0
Rajkot,Gujarat,22.219920538782883,70.82628002727621,11,1,8,34.70862740692903,53.943140392777835,11.73396563607481,12.15079436490812,1.140999618488707,1016.7867338000134,0.6918777411687479,0,1,0,0,0,1500.0,3,0.6,0,0.5,0.0,0,0
Rajkot,Gujarat,22.30402395305622,70.77654266557691,1,5,4,35.04604990009667,69.26970143244559,18.443370843512003,18.051741040668503,0.4374730174877183,1018.5985212981851,0.22459844692881037,0,0,0,1,5,1500.0,3,0.6,0,0.5,0.0,2,1
Rajkot,Gujarat,22.370095964492805,70.8271472738594,7,5,2,26.507816805373565,86.46973172279408,0.4245164888684719,9.188111525093959,0.3842827168618221,1022.2379234361127,0.12930622022746396,0,0,0,1,0,1500.0,3,0.6,0,0.5,0.0,1,1
Rajkot,Gujarat,22.289961248394572,70.71664930770395,6,6,8,14.438939550108682,61.7804213683424,10.635005372831914,18.868644878971676,0.9718316295549702,992.0714484100939,0.4869386852338764,0,1,0,0,0,1500.0,3,0.6,0,0.5,0.0,0,0
Kalyan-Dombivali,Maharashtra,19.304562903441823,73.20421996039352,21,1,12,31.10854235312222,46.19908768160788,8.694980350589184,1.7711979045155801,0.6551653096846901,1004.9788814828851,0.19247250461182774,0,0,0,1,5,1500.0,3,0.6,0,0.2,0.0,1,1
Kalyan-Dombivali,Maharashtra,19.179150745403394,73.14221496836751,15,6,6,24.798437387298687,76.4356030983889,42.566410739196414,17.592890577341663,1.1811198420892923,997.8179571406836,0.17355279897301717,0,1,0,0,2,1500.0,3,0.6,0,0.2,0.0,1,1
Kalyan-Dombivali,Maharashtra,19.257443810270853,73.15941055116191,21,4,9,28.21187197473302,70.73100737733171,33.708708311191586,15.56520998413813,3.6308060859239366,1013.3926916827428,0.2561233346949868,0,0,0,1,0,1500.0,3,0.6,0,0.2,0.0,0,0
Kalyan-Dombivali,Maharashtra,19.32726937711646,73.18407762001509,13,4,7,22.320501109092714,53.89838417741965,12.39578851630959,6.036145219198437,2.6631449400508833,1036.6993519351702,0.27709357043451965,0,0,1,0,1,1500.0,3,0.6,0,0.2,0.0,0,0
Kalyan-Dombivali,Maharashtra,19.1652469590821,73.16503923207999,23,1,12,32.4458648783762,69.1837053757758,0.017420534948709494,19.556762256580654,0.4755436921671136,1001.1376871369495,0.25531501939315643,1,0,0,0,0,1500.0,3,0.6,0,0.2,0.0,1,1
Kalyan-Dombivali,Maharashtra,19.29207090005565,73.21404288871884,22,1,12,30.57975697520571,43.66719501802965,2.46495068086885,18.841794722976587,0.25286744541190714,1044.1820258305831,0.5858771324111098,0,0,1,0,3,1500.0,3,0.6,0,0.2,0.0,2,2
Kalyan-Dombivali,Maharashtra,19.15716083997385,73.1837939717879,14,1,2,28.374739397812515,60.78770427361118,15.09958328923382,17.34941574966945,0.10753734847698734,1005.7324059901583,0.08714057326310606,0,0,1,0,0,1500.0,3,0.6,0,0.2,0.0,0,1
Vasai-Virar,Maharashtra,19.550613185771937,72.87165726996942,9,5,9,8.358193462735436,54.500401694474014,15.643540303664224,18.91509268040543,0.8560678757077921,980.3856007182276,0.31035031742903924,0,0,1,0,1,1400.0,3,0.6,1,0.2,0.0,1,1
Vasai-Virar,Maharashtra,19.401739165860423,72.84311764899651,7,4,4,28.541542798236534,55.773483557407346,3.658723985861141,4.379544291131276,0.48478540874836556,1024.1826214858593,0.11349658802109384,0,1,0,0,0,1400.0,3,0.6,1,0.2,0.0,1,1
Vasai-Virar,Maharashtra,19.51586133748707,72.73591365381368,8,0,7,23.86770535465154,48.307321928812414,14.07509980485573,1.882336293084391,2.876503063111799,1014.0550124380358,0.044015274816631395,0,0,0,1,4,1400.0,3,0.6,1,0.2,0.0,1,1
Vasai-Virar,Maharashtra,19.457993329852467,72.72634993912708,16,0,3,22.132787587748663,66.85063239923356,4.038051665784808,12.400718374725022,0.04582187533726266,971.7531238957561,0.4222076759290937,0,0,0,1,0,1400.0,3,0.6,1,0.2,0.0,1,1
Vasai-Virar,Maharashtra,19.381653343896573,72.76586280300157,18,0,9,19.10742351773748,78.19728028993255,16.082348054983385,6.667886572701076,6.163308304089595,962.2719583241286,0.0680423588494135,0,1,0,0,1,1400.0,3,0.6,1,0.2,0.0,0,0
Vasai-Virar,Maharashtra,19.372538273268916,72.82270906556688,19,0,4,51.83181941403405,77.57009435766327,22.200331539830586,5.386892687679369,0.8317780049724629,1008.9033942517973,0.4100531952961188,0,0,1,0,0,1400.0,3,0.6,1,0.2,0.0,0,0
Vasai-Virar,Maharashtra,19.399700223506862,72.89498026290292,0,4,12,27.18000103419611,42.67783247067946,11.571039928807563,8.564092122911664,0.3058886540411316,1021.3035799836042,0.6157480036630552,0,0,1,0,0,1400.0,3,0.6,1,0.2,0.0,1,1
Varanasi,Uttar Pradesh,25.37985842866189,82.98325838993667,18,4,9,24.682092821043355,74.39670266406185,7.465242218559945,19.28951916800668,1.7111995270494749,996.6910649823885,0.49795472765251647,0,1,0,0,0,1400.0,3,0.6,0,0.0,0.0,0,0
Varanasi,Uttar Pradesh,25.261409759370313,82.99629383159055,11,0,9,31.514397521198266,47.98310020152633,4.7015360750978115,1.1153671101434162,3.1514792339611106,1017.5423580595565,0.4795371929006458,0,1,0,0,3,1400.0,3,0.6,0,0.0,0.0,1,1
Varanasi,Uttar Pradesh,25.23963237667887,82.93774057652722,8,5,8,41.219948624421235,43.12391648895899,14.6001989835257,8.296398513831255,0.5877611170722414,1023.9792182047968,0.28487210244507466,0,0,0,1,0,1400.0,3,0.6,0,0.0,0.0,1,1
Varanasi,Uttar Pradesh,25.31020444210278,82.92885189802493,9,1,6,38.49248144772158,62.50602315765019,5.312591557767755,4.9451406416395365,2.6142496009001763,1008.0764536008475,0.6675568360733536,1,0,0,0,0,1400.0,3,0.6,0,0.0,0.0,0,0
Varanasi,Uttar Pradesh,25.380550751328244,82.88993318717618,17,3,12,17.789547207923654,87.16771440794903,0.16164974361255602,6.895587803316375,0.1778869200222174,1017.7628975596803,0.48753365299577134,0,0,0,1,2,1400.0,3,0.6,0,0.0,0.0,0,0
Varanasi,Uttar Pradesh,25.360717234020367,82.99961880036548,6,4,9,29.1264108802536,48.836052278160224,32.469696369903275,15.62146975467193,2.785707757601242,1016.0194909151918,0.3067558142642992,0,0,1,0,2,1400.0,3,0.6,0,0.0,0.0,0,0
Varanasi,Uttar Pradesh,25.41139547200679,83.02472188671342,16,5,2,21.118137692189574,40.64176947383164,3.9446636810989135,6.6309535460145295,0.030278638672713697,995.3672159307538,0.3096474033107021,0,1,0,0,0,1400.0,3,0.6,0,0.0,0.0,0,2
Srinagar,Jammu and Kashmir,34.06198973465275,74.76445525497321,2,6,11,12.039066423210361,84.31737572558323,4.0327897905353876,16.941597795456268,0.04317137116215353,987.514491687049,0.2664677051672288,0,1,0,0,5,1300.0,5,1.0,0,0.1,0.0,2,2
Srinagar,Jammu and Kashmir,34.148572088139815,74.82261100910489,2,3,2,25.315992385253175,54.26955493482608,2.9292416844568914,18.559130403882605,0.30459030753506167,988.357549998603,0.2513050370994273,0,0,1,0,1,1300.0,5,1.0,0,0.1,0.0,1,0
Srinagar,Jammu and Kashmir,34.110486873386186,74.84451956273158,8,6,9,29.801369086681763,63.02910634621976,2.7085882942466193,2.860732291920425,1.8316689567148812,998.077761733451,0.2521078449108024,0,0,1,0,0,1300.0,5,1.0,0,0.1,0.0,1,1
Srinagar,Jammu and Kashmir,34.03046271454669,74.86606505435672,7,4,12,36.7178692072169,52.964919781307984,8.338324003282233,10.486219533323947,0.1797172591887748,1022.3185658559743,0.11341143792911405,0,0,0,1,1,1300.0,5,1.0,0,0.1,0.0,0,1
Srinagar,Jammu and Kashmir,34.12266273147265,74.77152958506636,0,5,9,30.40339589606139,87.75397943884555,51.58264173584784,14.07998431822505,0.4594073317106929,1001.9772384167406,0.21266266643246076,0,1,0,0,2,1300.0,5,1.0,0,0.1,0.0,2,1
Srinagar,Jammu and Kashmir,34.133223386862674,74.85017714114777,18,4,3,21.523533391661942,81.85055680005158,0.9096307848400985,10.287652200639577,0.15790614148731427,1030.2666932825841,0.24001664992447258,1,0,0,0,0,1300.0,5,1.0,0,0.1,0.0,0,0
Aurangabad,Maharashtra,19.87166508050535,75.26217080918543,5,3,11,46.636341964255465,57.052057749962174,3.9999243443163035,11.451753761705008,0.016358827021063317,1002.6631797507481,0.14018751564858792,1,0,0,0,1,1300.0,2,0.4,0,0.0,0.0,0,0
Aurangabad,Maharashtra,19.837759456456062,75.36415829465413,15,2,2,17.860306597781026,67.64903391224722,3.7496294144874587,16.087500850124705,0.35482732159983943,1020.5754293662619,0.43025553840502323,0,1,0,0,0,1300.0,2,0.4,0,0.0,0.0,0,1
Aurangabad,Maharashtra,19.8542391813893,75.35415613487827,2,3,8,26.70248432701656,46.86442175065876,8.557877593353208,10.144597894918155,1.694175448832034,1033.3083977917736,0.34175707232289665,0,0,1,0,1,1300.0,2,0.4,0,0.0,0.0,0,0
Aurangabad,Maharashtra,19.969084767976415,75.42000824104973,22,4,3,25.419648213860338,43.884028448759175,2.4981838179191587,8.418234878031743,0.280411017730086,996.5027056969363,0.06813928194078145,0,1,0,0,3,1300.0,2,0.4,0,0.0,0.0,1,1
Aurangabad,Maharashtra,19.883714325862286,75.42179232628342,18,4,10,38.165767336955405,65.84767066124975,12.139663982688454,15.928984278853976,0.07737669298193693,1007.9726718034503,0.19304750684537225,0,0,1,0,2,1300.0,2,0.4,0,0.0,0.0,0,1
Aurangabad,Maharashtra,19.777649076848423,75.35097930190105,3,2,2,23.20479550125709,68.34595280146078,15.25742241498034,18.935533730486686,0.021112458597903883,1024.312439835629,0.17877521458927262,0,0,0,1,1,1300.0,2,0.4,0,0.0,0.0,0,0
Dhanbad,Jharkhand,23.75950940407405,86.37126200363387,0,2,4,32.44578256777302,89.82445424745791,6.417487446317556,1.1856004329814818,0.19835505979883378,1011.8493283379008,0.23621910580840955,0,1,0,0,1,1200.0,3,0.6,0,0.0,0.0,1,1
Dhanbad,Jharkhand,23.864105269416434,86.49544484391708,14,4,5,29.562680594383007,45.23305752759803,16.279657335024964,14.205740681271834,0.9578463881951529,984.056760203951,0.4800831209181634,0,0,1,0,3,1200.0,3,0.6,0,0.0,0.0,1,0
Dhanbad,Jharkhand,23.8775075284449,86.4817896044124,16,6,2,39.07612959041709,61.508706490358925,0.813005483125413,18.85117965081253,0.23750148891984416,984.8493434251118,0.34198176059538943,0,1,0,0,1,1200.0,3,0.6,0,0.0,0.0,1,1
Dhanbad,Jharkhand,23.71285518864927,86.33872107011345,21,6,10,17.9839698752348,46.72865852533502,4.623352420985103,9.826379383174363,0.04754525207988608,1010.8472793443934,0.5343967709231681,0,1,0,0,1,1200.0,3,0.6,0,0.0,0.0,0,0
Dhanbad,Jharkhand,23.753909331989174,86.44662762071133,12,5,1,39.655596475002454,49.07284458705669,1.60028660590147,13.69986662117845,0.6971107997207727,1014.8744015996336,0.3671534186280227,0,1,0,0,0,1200.0,3,0.6,0,0.0,0.0,0,0
Dhanbad,Jharkhand,23.717347978875978,86.46509680252507,16,2,10,21.468167101302523,60.22638491833294,16.20764938221312,18.0630949281221,0.14741468415737166,999.8044063828569,0.19026018332367148,0,0,0,1,2,1200.0,3,0.6,0,0.0,0.0,1,1
Amritsar,Punjab,31.72666552238128,74.84561551724224,11,4,2,49.036110440728464,66.88668296397853,9.633131270626105,8.90060673331576,0.4967219602900103,1016.773675718867,0.3631867636124998,0,0,1,0,0,1200.0,4,0.8,0,0.0,0.0,0,0
Amritsar,Punjab,31.57046138057033,74.84924254999284,8,0,2,21.088198155104255,81.58249188734948,15.981934010338993,14.95332560715393,0.1877440287488962,1005.64644909715,0.14144079186105168,0,0,1,0,0,1200.0,4,0.8,0,0.0,0.0,0,0
Amritsar,Punjab,31.608887316686157,74.93943642276768,19,2,4,17.191290424843192,72.23095459379519,4.245755428399917,3.4788842538049596,0.35296783720231223,993.6081434033541,0.2545410908888977,0,1,0,0,0,1200.0,4,0.8,0,0.0,0.0,0,0
Amritsar,Punjab,31.5633065899263,74.97201189346892,11,1,7,28.418666938081042,66.88046422953671,17.296952519471894,15.64299709475224,3.448941863503576,1023.1437655128673,0.22888667118423675,1,0,0,0,2,1200.0,4,0.8,0,0.0,0.0,1,1
Amritsar,Punjab,31.548475810702094,74.78639706357265,10,4,5,21.201800412196732,83.13960348801177,2.717696460409927,1.1292746912913358,0.011264150438960804,1016.8416483914231,0.09878887747658001,0,0,1,0,0,1200.0,4,0.8,0,0.0,0.0,0,0
Amritsar,Punjab,31.626044118233203,74.9561043698061,12,2,4,26.55346152329281,54.29066562165808,22.558889998737243,9.651517195863065,0.1470374270616737,1024.399315433539,0.03156911976671918,0,1,0,0,0,1200.0,4,0.8,0,0.0,0.0,0,0
Navi Mumbai,Maharashtra,19.10178294601964,72.97067910684491,14,0,6,23.617492746120696,82.17858139182277,0.07858084134464904,14.359874191010858,1.5235968900788548,1032.9219515281363,0.5522670560850653,0,0,0,1,2,1200.0,3,0.6,1,0.2,0.0,1,1
Navi Mumbai,Maharashtra,19.041267021550482,73.12212582790109,0,4,9,41.847701680849354,89.85072303122757,9.495326275383979,8.932751979400752,3.973526078529759,1012.9136963485297,0.029714254168999518,0,0,1,0,1,1200.0,3,0.6,1,0.2,0.0,1,1
Navi Mumbai,Maharashtra,18.942348478786162,73.09868334089391,3,5,4,28.894877511650154,76.23623028575527,17.876712801290623,10.157423286988948,0.16940033529926718,1020.9780952927666,0.4688670186192884,1,0,0,0,0,1200.0,3,0.6,1,0.2,0.0,1,1
Navi Mumbai,Maharashtra,18.974653512674752,73.01608026219874,5,4,11,25.66268707888339,63.32625390229805,0.1769189968235321,8.139465840743489,0.42373871459766504,1010.186220028046,0.17363486761683208,0,0,0,1,5,1200.0,3,0.6,1,0.2,0.0,2,1
Navi Mumbai,Maharashtra,19.071086929969894,73.00182661360546,3,5,8,20.288701176416836,46.68447623480812,7.991595619192272,2.1485050568853516,1.0723739243066122,1003.1152289086705,0.42753039694237316,0,1,0,0,1,1200.0,3,0.6,1,0.2,0.0,2,2
Navi Mumbai,Maharashtra,18.95521235360732,72.97012550812005,13,4,3,28.634867222251884,73.79173534735973,8.729157141669452,9.880428971415919,1.0018863315201454,1029.6343812916523,0.2151446380868668,0,0,0,1,1,1200.0,3,0.6,1,0.2,0.0,0,0
Allahabad,Uttar Pradesh,25.520601956562253,81.91210092487457,0,1,3,40.36777100928373,66.1255585743938,11.643954935500949,4.54827291239539,0.2659169438156179,1063.00470929127,0.3665078388163866,0,0,1,0,1,1200.0,3,0.6,0,0.0,0.0,1,1
Allahabad,Uttar Pradesh,25.33983096558855,81.8654789964365,9,3,3,27.792932635361183,56.506165551031636,0.2707609498114154,19.188393296834384,0.04239130311256211,1031.059444767888,0.24716598742310497,0,0,1,0,5,1200.0,3,0.6,0,0.0,0.0,1,0
Allahabad,Uttar Pradesh,25.38703911078405,81.8187033629708,7,4,7,35.72043765089464,85.82096642063044,0.7537958931726629,2.137963288026691,2.394807881580072,1011.5847840270877,0.37421425291886135,0,0,1,0,0,1200.0,3,0.6,0,0.0,0.0,0,1
Allahabad,Uttar Pradesh,25.52259341203716,81.89623775397801,11,1,10,25.367238063779553,67.37936509749764,8.490300317360944,7.273380448964093,0.11312084371694074,1012.2308029784385,0.18681682710373654,0,0,1,0,2,1200.0,3,0.6,0,0.0,0.0,1,2
Allahabad,Uttar Pradesh,25.471765630559826,81.88880126098708,9,1,9,29.790894949404223,82.5351536210265,2.7297818202194386,13.034413310501803,0.4353772253415967,1034.6129419454849,0.15533917746069908,0,0,1,0,1,1200.0,3,0.6,0,0.0,0.0,0,0
Allahabad,Uttar Pradesh,25.461118842281664,81.74835064399167,22,2,7,32.36161267278316,51.01244680928228,5.742682302048929,7.001332636861029,4.149437806960556,1005.4331223547273,0.5462845321482876,0,0,0,1,1,1200.0,3,0.6,0,0.0,0.0,0,0
Ranchi,Jharkhand,23.37196102996656,85.35001155519826,22,3,4,32.02899796527976,74.43301410157432,0.44981468319992435,19.149126891915422,0.6014513925337542,1015.0941953483829,0.1071362785546941,0,1,0,0,0,1100.0,3,0.6,0,0.0,0.0,1,1
Ranchi,Jharkhand,23.336921661198872,85.29292739571315,6,6,6,32.408038280683066,72.39807114977899,12.005373361000476,8.71924911999484,1.4036263724392672,1017.0449314986918,0.4576910385475888,0,1,0,0,1,1100.0,3,0.6,0,0.0,0.0,0,0
Ranchi,Jharkhand,23.30144423222055,85.25019177483539,18,1,11,26.276826752856945,78.0850098473285,33.78840384679693,5.963853477035137,0.19877785180637453,1001.5496870789171,0.4551429618348452,1,0,0,0,0,1100.0,3,0.6,0,0.0,0.0,0,0
Ranchi,Jharkhand,23.289908020785404,85.30131365389343,11,4,3,39.45133480012582,64.63942577286693,4.6627092632161125,4.7347985920030915,1.6159552490972398,1009.8066130761345,0.4486466156621185,0,1,0,0,2,1100.0,3,0.6,0,0.0,0.0,1,0
Ranchi,Jharkhand,23.273473284355163,85.26207496438627,22,3,4,8.87003764510413,43.68325112021322,3.2939731540323147,5.703215785127763,0.06878148332079792,985.2799891569127,0.11025050650523448,0,0,1,0,4,1100.0,3,0.6,0,0.0,0.0,1,1
Howrah,West Bengal,22.60086868450591,88.35903646198327,13,5,7,34.42939205406424,72.94039366276118,22.349477441991937,15.441445730435909,3.441929172669044,1020.4883923015402,0.26045213867030304,0,0,0,1,0,1100.0,3,0.6,0,0.0,0.0,1,1
Howrah,West Bengal,22.621378900599154,88.20171769800152,19,4,9,44.90963003963003,48.80814320503148,25.460232465649952,4.033418737665136,9.991399864397387,1021.0182942341047,0.05025681186531696,0,0,1,0,1,1100.0,3,0.6,0,0.0,0.0,0,0
Howrah,West Bengal,22.57363022396478,88.31772124446105,6,3,1,39.7733659986601,54.58592476948555,12.197199151194607,18.88567847803799,0.08416260897660813,986.1047885688364,0.2727311130686123,0,0,0,1,0,1100.0,3,0.6,0,0.0,0.0,0,0
Howrah,West Bengal,22.62511980267023,88.30201367677914,1,6,2,33.30182854388403,82.63346324180827,2.366775543644761,8.308463733575717,0.7370103674735994,1006.0325212806134,0.392573411950812,0,1,0,0,2,1100.0,3,0.6,0,0.0,0.0,2,2
Howrah,West Bengal,22.49708601021676,88.27108409335963,16,2,3,25.60310221106705,52.70071790653462,2.7360206356121703,3.6885455203606625,0.05157863799568598,1029.4524833480973,0.1268214860612089,0,0,1,0,1,1100.0,3,0.6,0,0.0,0.0,0,0
Coimbatore,Tamil Nadu,10.953893821955301,76.87350799228132,14,1,1,24.020333954182153,78.82537256168341,4.067173976177767,15.878005261176206,0.4821838063001736,1000.2584037079089,0.16999865463953773,0,0,1,0,2,1100.0,2,0.4,0,0.0,0.0,1,1
Coimbatore,Tamil Nadu,11.042806056992562,76.87908600586992,4,1,7,27.579627205724382,43.268715673663515,2.6872952837629533,14.729117536599517,4.735524688105593,1028.5385451462573,0.07001339734873827,0,1,0,0,4,1100.0,2,0.4,0,0.0,0.0,2,2
Coimbatore,Tamil Nadu,11.079737476570692,77.02338209022717,4,4,1,35.830339262603495,71.68970612356688,0.893340886961569,10.080211923979753,0.16436907862111197,1033.5238303039687,0.15304207674373752,0,0,0,1,1,1100.0,2,0.4,0,0.0,0.0,0,0
Coimbatore,Tamil Nadu,11.041898018311002,76.94976548194828,15,2,8,23.811622704907343,67.87687798640127,2.8201601495865307,18.332386326100647,1.3347390164595065,1019.9328442795297,0.3578369893761066,1,0,0,0,0,1100.0,2,0.4,0,0.0,0.0,0,0
Coimbatore,Tamil Nadu,11.107461705660414,76.99373292091302,19,0,4,36.97684047234127,53.99622872791855,10.400297070784257,18.32399032783085,0.3226478010794918,1025.4823877406097,0.14639652154750546,0,0,1,0,3,1100.0,2,0.4,0,0.0,0.0,1,0
Jabalpur,Madhya Pradesh,23.255390310502282,80.06396887205447,1,2,2,16.704121120275722,41.9015300776109,5.131486952120923,12.442111447291271,0.1452454495114056,989.2468327529,0.6001771041081216,0,0,1,0,0,1100.0,2,0.4,0,0.0,0.0,0,0
Jabalpur,Madhya Pradesh,23.256790218109305,80.00913683146555,20,4,8,24.021416374401134,50.30496554800111,16.038760963224895,17.56451444106938,1.1769066205576975,1014.8500903317081,0.20361764983818217,0,0,0,1,2,1100.0,2,0.4,0,0.0,0.0,1,0
Jabalpur,Madhya Pradesh,23.26481181513087,79.9800198569828,19,6,1,31.384581889656584,80.15823549232431,6.74210297094294,1.5214223623487566,0.16236638207921064,1040.2773137216009,0.564938777574981,0,0,1,0,5,1100.0,2,0.4,0,0.0,0.0,1,1
Jabalpur,Madhya Pradesh,23.250660666375143,79.92940144516184,10,0,8,31.39605529711118,82.13148539368575,6.778153085468384,2.7334041680828065,2.515707456031199,1041.075673952737,0.31624242800779134,0,1,0,0,0,1100.0,2,0.4,0,0.0,0.0,0,0
Jabalpur,Madhya Pradesh,23.113637890250846,79.90082082264611,21,1,10,28.66930451104284,83.4391309096545,17.32370602451981,11.857873061269437,0.5425050455387425,1001.0044553765991,0.2722416764220201,0,0,1,0,0,1100.0,2,0.4,0,0.0,0.0,0,0
Gwalior,Madhya Pradesh,26.193105392077534,78.16577588693586,15,3,11,31.12923341146783,56.098623877619886,8.721556187293935,4.75912815860463,0.349705057067297,1008.2356641681853,0.08552559759205632,1,0,0,0,0,1100.0,3,0.6,0,0.0,0.0,0,0
Gwalior,Madhya Pradesh,26.229560526910273,78.14735204531863,8,3,3,28.26931123895251,65.8770382547134,0.06399233266583225,14.865457827046392,0.32217351888995055,999.5637841729615,0.30657149724643434,0,1,0,0,5,1100.0,3,0.6,0,0.0,0.0,1,0
Gwalior,Madhya Pradesh,26.268587603145075,78.17085312121667,18,6,4,12.57830027232497,61.58615627910541,0.674937212076137,1.646790568153214,0.44825954744947033,1002.4854452432726,0.3063940972505347,0,1,0,0,1,1100.0,3,0.6,0,0.0,0.0,1,1
Gwalior,Madhya Pradesh,26.269708759794106,78.20061875540837,12,1,10,32.11438430601381,77.23744978594024,0.7323344720625895,8.250483428079562,0.669795205179733,1043.644521210737,0.3723192164474115,1,0,0,0,0,1100.0,3,0.6,0,0.0,0.0,0,0
Gwalior,Madhya Pradesh,26.193491270041488,78.14061495785847,2,5,11,33.99571477543034,48.47607611157322,4.92108278863821,13.267609096609661,0.007580004097853678,1005.1546155997052,0.08021237514154905,0,1,0,0,5,1100.0,3,0.6,0,0.0,0.0,2,1
Vijayawada,Andhra Pradesh,16.47929291108844,80.5840581097819,19,0,11,24.371816695550805,55.04790917689331,0.39711621156755034,4.875757048565513,0.15611286456577037,1004.5988190090625,0.5066434055555822,0,0,0,1,4,1000.0,2,0.4,0,0.0,0.0,0,0
Vijayawada,Andhra Pradesh,16.583564595655414,80.60244363865361,11,3,5,33.12220460204142,53.21758450233475,5.2712764013183016,7.003238356186742,0.024487496404947524,996.4580606817593,0.20048535186308336,0,0,0,1,0,1000.0,2,0.4,0,0.0,0.0,0,1
Vijayawada,Andhra Pradesh,16.47914271015838,80.6209486064649,19,3,10,41.38686575513102,47.50975081891702,7.396555233322744,8.34494076829609,1.3852452539187854,1020.3370683119261,0.10332492543307616,1,0,0,0,0,1000.0,2,0.4,0,0.0,0.0,0,0
Vijayawada,Andhra Pradesh,16.54367949309376,80.71838875849163,4,0,9,31.859269615176373,47.97889513346681,12.692843914268355,2.0381886750222953,3.0599786636486344,993.3461415749985,0.13964143340909854,0,0,1,0,0,1000.0,2,0.4,0,0.0,0.0,1,1
Vijayawada,Andhra Pradesh,16.431204182135073,80.64081795798425,15,1,2,22.59712726683226,74.09338845557944,35.41462561009813,12.278955113657675,0.020780070281490967,981.8162516110864,0.3518776419669851,0,0,1,0,1,1000.0,2,0.4,0,0.0,0.0,0,0
Jodhpur,Rajasthan,26.189953241315585,72.97959489724836,11,5,5,27.354576713795133,89.34984588729006,0.0485712502309818,5.918736880131782,0.29560309210809943,1009.1453681311076,0.272756852224652,0,1,0,0,0,1000.0,2,0.4,0,0.0,0.0,0,1
Jodhpur,Rajasthan,26.268093705750346,73.12396416517812,3,5,1,42.7695543023801,77.93127157326857,15.958936055822214,19.375811561274915,0.08921389642714243,1017.6057528014576,0.22809382842915377,1,0,0,0,0,1000.0,2,0.4,0,0.0,0.0,1,1
Jodhpur,Rajasthan,26.200191076233207,73.0720046013072,5,1,2,14.049254048862165,51.83857365620455,12.211550442936318,7.363637644951566,0.13000389179413746,993.4633796062853,0.13949684690736583,0,0,1,0,0,1000.0,2,0.4,0,0.0,0.0,0,0
Jodhpur,Rajasthan,26.297643392993848,73.08722385033475,15,4,7,26.198631583997635,74.26737405564641,15.351202780591244,13.191819323193752,0.05069183766198677,1019.2192531118687,0.04417634919069068,0,0,1,0,0,1000.0,2,0.4,0,0.0,0.0,0,0
Jodhpur,Rajasthan,26.2990993357721,73.04173814743842,9,0,6,25.987002476731124,47.719341120862985,5.774402741986199,7.379412002556909,0.13629638955989107,1002.2776268702052,0.19795968943277442,1,0,0,0,0,1000.0,2,0.4,0,0.0,0.0,0,1
Madurai,Tamil Nadu,9.905628261998828,78.07353289657554,15,3,8,20.074598319032816,65.07845159616349,8.057055363564707,2.8411802520980953,1.0794051457017675,1031.395221321102,0.14082934339186806,0,1,0,0,0,1000.0,2,0.4,0,0.0,0.0,0,0
Madurai,Tamil Nadu,9.981972516677693,78.09488659442563,7,0,2,22.3718917415908,67.8514657423008,5.150022843414991,1.757513184914079,0.12080276706308161,1000.3382619520632,0.4528242087326119,1,0,0,0,1,1000.0,2,0.4,0,0.0,0.0,0,0
Madurai,Tamil Nadu,9.902376226133432,78.15486308301433,9,2,4,32.313811816103126,50.14541105539104,3.6118812409634895,4.053895383360904,1.3281415715696798,1010.2648674826775,0.12370829816669442,0,0,1,0,0,1000.0,2,0.4,0,0.0,0.0,0,0
Madurai,Tamil Nadu,9.905216023958749,78.06557168833508,5,0,7,19.860786816422028,74.67052723889697,1.9396612712559038,7.555784313851315,0.10182358112882296,1005.9278128548467,0.16143356175882417,0,0,0,1,0,1000.0,2,0.4,0,0.0,0.0,1,2
Madurai,Tamil Nadu,9.88852040380441,78.05484560312237,18,3,3,30.26762270550626,75.53699096015916,21.654481100928827,14.024991679774743,0.04472254963532893,1012.879076812308,0.3612598593955956,0,1,0,0,1,1000.0,2,0.4,0,0.0,0.0,0,1
Raipur,Chhattisgarh,21.289898746126042,81.62643611091517,11,4,9,35.59296163370537,53.6051265308517,21.904990441385227,3.0437236541856727,9.41610525247582,996.2366636554324,0.559315628851587,0,1,0,0,1,1000.0,2,0.4,0,0.0,0.0,0,0
Raipur,Chhattisgarh,21.21725875188605,81.70695913539384,5,1,3,20.412550582726915,89.31537464113822,2.3419810527158393,4.090267531897048,0.2667960507378194,999.1255253734381,0.12202078334577914,0,1,0,0,1,1000.0,2,0.4,0,0.0,0.0,1,1
Raipur,Chhattisgarh,21.1835104502251,81.71911761026163,15,1,3,36.05788508630417,43.43286289802143,4.168932595733142,8.889570468217169,0.09538258351867708,981.8703503790016,0.3578071382950811,0,1,0,0,0,1000.0,2,0.4,0,0.0,0.0,0,0
Raipur,Chhattisgarh,21.295085456804532,81.67620877274491,6,6,7,30.690202931219396,43.4633128570764,18.35543613449284,1.4092728739473452,0.6885125015264215,1012.3117895792004,0.3143823415125861,1,0,0,0,0,1000.0,2,0.4,0,0.0,0.0,0,0
Raipur,Chhattisgarh,21.296569544522406,81.66757674538282,8,2,1,29.804205447127387,43.27856707335699,0.361025578857126,6.290646753929688,0.1368914257738832,1016.7328295441105,0.3955918346441492,0,0,0,1,2,1000.0,2,0.4,0,0.0,0.0,1,2
Kota,Rajasthan,25.237705078817882,75.90724049157647,16,1,8,26.321975060114042,49.53928368725119,6.570941372082192,15.193325130291557,2.0518849864337523,995.2586363913756,0.18517995493307987,0,0,1,0,4,1000.0,2,0.4,0,0.0,0.0,1,1
Kota,Rajasthan,25.306748655008715,75.88645408285636,9,3,3,29.706376547419115,87.70952869868682,7.49484311185574,8.834779603122158,0.09327075194875734,993.9884906525937,0.11010141086156873,0,0,1,0,1,1000.0,2,0.4,0,0.0,0.0,0,0
Kota,Rajasthan,25.276090470760636,75.82342167635005,0,5,12,37.17133146184268,88.47877259144022,0.7999564110693671,15.27449763696186,0.4896973437714662,1023.7201111782392,0.16574686218079776,0,0,1,0,1,1000.0,2,0.4,0,0.0,0.0,2,2
Kota,Rajasthan,25.11846062246628,75.85191765287982,0,6,11,44.39943403250876,66.04936397141464,13.89565596890674,1.3112118345293315,0.916678074937016,1030.8221643921236,0.28692857912358166,1,0,0,0,0,1000.0,2,0.4,0,0.0,0.0,1,1
Kota,Rajasthan,25.256053664101895,75.9321375476399,12,2,9,20.795200373419313,42.81230110701781,1.8761157867318703,1.7253498340376208,0.5704406969224612,1033.1684573202615,0.34538210442925854,0,0,1,0,2,1000.0,2,0.4,0,0.0,0.0,0,0
Chandigarh,Chandigarh,30.83233976328775,76.85832839013337,14,6,8,32.15267589703958,69.01395183228206,13.058740247932253,5.063253602124495,1.929940295687297,995.4409678749904,0.31071689472265773,0,1,0,0,5,1100.0,4,0.8,0,0.0,0.0,1,0
Chandigarh,Chandigarh,30.767113927058126,76.86891455912414,0,3,5,26.361442838311557,60.803389702012915,5.005487222796478,4.811158993118506,0.2597358650406195,980.8665588475822,0.516549111811378,0,0,1,0,0,1100.0,4,0.8,0,0.0,0.0,0,0
Chandigarh,Chandigarh,30.81420347560461,76.82587075486879,4,6,5,35.84155673178035,72.18492965768394,5.6227867066208095,1.5803523453377175,0.46687530954086154,997.0586328213944,0.08364462346613115,1,0,0,0,3,1100.0,4,0.8,0,0.0,0.0,2,1
Chandigarh,Chandigarh,30.750310531856858,76.78647688699303,5,2,3,24.059925355617963,53.78077453653731,3.6569803267407943,2.978022060181731,0.26979148205051473,1042.0871763159223,0.20146501965433572,0,1,0,0,0,1100.0,4,0.8,0,0.0,0.0,0,0
Chandigarh,Chandigarh,30.777388793208555,76.71229998378952,3,1,12,22.688468144256266,40.49758128629234,1.5597592794298443,6.000734363223302,0.2573310081220311,1016.7658167654365,0.29909268265617106,1,0,0,0,1,1100.0,4,0.8,0,0.0,0.0,0,1
Guwahati,Assam,26.12804590758473,91.8075254380135,23,3,5,29.49694734892304,78.94640939005933,11.622488771594279,1.0658988568074994,0.023297161642378595,1020.427240769516,0.4666633705626384,0,0,1,0,0,1000.0,5,1.0,0,0.6,0.0,1,0
Guwahati,Assam,26.07659065273731,91.77968697529793,13,4,7,31.42269606003224,42.719294403306584,20.247668082614663,10.523640824921168,3.71889582742347,1012.5087197676935,0.5484115794308303,0,1,0,0,0,1000.0,5,1.0,0,0.6,0.0,0,0
Guwahati,Assam,26.184692846565905,91.66412433527658,3,3,8,20.805203890879305,61.82575972362576,9.668287441731033,2.322892801360606,1.9616335724843013,995.3239351233265,0.3476262706998566,0,0,0,1,0,1000.0,5,1.0,0,0.6,0.0,1,0
Guwahati,Assam,26.17009448776574,91.78935880244126,4,2,7,16.368589492313923,78.22703048244682,1.8636462604648887,9.097446259002849,0.2615538287126579,1005.9538875624685,0.1796614539357936,0,0,1,0,3,1000.0,5,1.0,0,0.6,0.0,2,1
Guwahati,Assam,26.081475264464476,91.7289988719941,1,4,9,35.699726989562244,68.87769917737147,8.6966483740502,3.2138382354720276,0.7074644655251968,1023.6381040945146,0.23209892313104347,0,0,1,0,0,1000.0,5,1.0,0,0.6,0.0,1,1
Solapur,Maharashtra,17.744925542915478,75.8087657829109,8,4,5,26.849220244092283,40.05200672371631,2.249126816230957,10.845745808668298,0.20521579600789536,1011.1957148425828,0.0833511232912503,0,0,1,0,1,950.0,2,0.4,0,0.0,0.0,0,0
Solapur,Maharashtra,17.59236410628761,75.95400431076843,20,4,5,21.604612908422887,51.6195007760527,4.225711931761115,19.91512692875863,0.18760842219852353,991.5535306479378,0.18635588318694768,0,1,0,0,0,950.0,2,0.4,0,0.0,0.0,0,0
Solapur,Maharashtra,17.71995825695491,75.85708769775562,6,4,10,24.35467045639132,57.752957972117414,12.523225284032442,5.545631159889545,0.6560856382457959,1024.7247423449628,0.21729848717885825,0,0,0,1,5,950.0,2,0.4,0,0.0,0.0,1,0
Solapur,Maharashtra,17.56339350906243,75.91370010288472,0,2,5,22.32832150598905,76.29858504368411,2.5735289202955696,14.35307784094624,0.12885128777985833,1024.391174499825,0.15600935858721163,0,0,1,0,1,950.0,2,0.4,0,0.0,0.0,0,0
Solapur,Maharashtra,17.6172489177647,75.98582084268725,9,5,10,16.973601487139895,68.64864182943451,3.1509162377653306,11.764987476354067,0.5135951227665637,1004.6645582032644,0.41134214653227624,1,0,0,0,0,950.0,2,0.4,0,0.0,0.0,0,0
Hubli-Dharwad,Karnataka,15.427999421815395,75.21456312025676,22,6,2,43.94227677151817,75.13865784994672,26.720951419984928,4.219072446890861,0.22448438475270197,983.769764550614,0.09965041243804616,0,1,0,0,2,950.0,2,0.4,0,0.2,0.0,2,0
Hubli-Dharwad,Karnataka,15.331934103429143,75.06280436545482,21,4,4,32.054687214119255,48.813864518545415,20.701943111799906,11.26672976590766,0.07771575209861668,1033.0195342846675,0.17156263422897763,0,0,0,1,1,950.0,2,0.4,0,0.2,0.0,0,0
Hubli-Dharwad,Karnataka,15.329833624638557,75.10441774261405,14,0,7,20.360471854524057,49.209304863278355,16.23227557372281,10.279540957078146,0.2969860228360895,1009.3163814111685,0.5143849591141259,0,0,1,0,5,950.0,2,0.4,0,0.2,0.0,1,1
Hubli-Dharwad,Karnataka,15.407183058666106,75.15197345303791,11,5,7,33.25851742650239,57.497865361169715,2.907993556756388,16.456114372763754,1.6668029380879141,1012.674252757632,0.2951333389212767,0,1,0,0,0,950.0,2,0.4,0,0.2,0.0,0,1
Hubli-Dharwad,Karnataka,15.41088260236636,75.10304001369246,21,1,6,31.137980674455086,72.40928190562374,4.191909758832122,2.4546516656950685,2.5131096328295413,1027.1306540817493,0.5141847365219221,0,1,0,0,1,950.0,2,0.4,0,0.2,0.0,0,0
Mysore,Karnataka,12.240126007779768,76.64198334790446,10,4,9,33.96839397464075,63.64073595481227,4.98705976058247,14.786930436389476,4.148944994789688,1000.599430885884,0.11755554382171807,0,0,0,1,1,920.0,2,0.4,0,0.0,0.0,0,0
Mysore,Karnataka,12.342478191276445,76.71638106387557,6,4,1,19.82156682611099,76.66899807147702,2.0610068624741515,10.33174794607938,0.23092785940748817,1013.4790708041952,0.4294952262577746,0,1,0,0,0,920.0,2,0.4,0,0.0,0.0,0,0
Mysore,Karnataka,12.28755809197478,76.69250197656746,11,0,8,21.173309732628148,42.36954193395143,9.138232913326195,11.885406204577905,0.11026131316463317,1017.6859714030389,0.20334792502882348,1,0,0,0,3,920.0,2,0.4,0,0.0,0.0,1,1
Mysore,Karnataka,12.331854422064582,76.706829117245,21,0,4,23.2548041832914,62.10364353377447,7.54030155191734,3.4304346386989164,0.389308473378366,1022.0637393969319,0.14930847160718194,0,0,1,0,0,920.0,2,0.4,0,0.0,0.0,0,0
Mysore,Karnataka,12.332372203099732,76.6342643161588,19,5,6,21.3924935470184,40.1453739457907,9.277061748848851,13.35346921090613,0.9817780794697963,1015.7749258501949,0.1942515692727623,0,0,0,1,1,920.0,2,0.4,0,0.0,0.0,0,0
Tiruchirappalli,Tamil Nadu,10.839313519338072,78.77796945597308,10,4,5,18.087907266059457,40.54883813784517,2.5753781260596065,7.843313626281407,0.08765951668707037,1025.8619822792753,0.2252089651845482,0,1,0,0,0,900.0,2,0.4,0,0.0,0.0,0,0
Tiruchirappalli,Tamil Nadu,10.761719710058697,78.73879185221169,16,6,7,36.6329357951596,86.3196447333947,15.980944628802117,11.651980661181776,0.8516644748595993,991.6234310348324,0.06513771877817745,0,0,1,0,1,900.0,2,0.4,0,0.0,0.0,0,0
Tiruchirappalli,Tamil Nadu,10.800850000440933,78.60638818576982,11,0,11,11.587378549329,82.73094972385965,0.8086916753027538,13.833799112521518,0.1646039277067063,1036.4105875086045,0.29338171254689804,0,0,0,1,0,900.0,2,0.4,0,0.0,0.0,0,0
Tiruchirappalli,Tamil Nadu,10.732096074921312,78.67272967639369,0,0,7,18.21337879775294,66.95124582905396,1.3452395221824773,4.1067607128468175,0.902812892271927,1011.4662506983776,0.11719535151658585,0,0,0,1,0,900.0,2,0.4,0,0.0,0.0,1,1
Tiruchirappalli,Tamil Nadu,10.794813730370864,78.77354919250993,4,5,11,30.93425455073443,70.29294616347576,7.3350777176661675,13.373866639584671,0.721599745784737,1018.7440039099432,0.6808108706585252,0,0,1,0,1,900.0,2,0.4,0,0.0,0.0,1,0
Bareilly,Uttar Pradesh,28.385770249870504,79.38251712602565,11,3,9,17.67663674321838,57.00903739436147,9.56500425032415,5.956839625570793,0.20343824676453107,995.2614588231529,0.31577686099525815,1,0,0,0,3,900.0,3,0.6,0,0.0,0.0,1,1
Bareilly,Uttar Pradesh,28.433272756050286,79.49704307791987,4,5,9,28.89659078312148,53.59197854265115,5.8497096913201165,8.659565891382801,1.28558964523076,1000.0295289267809,0.2163115943194291,0,0,1,0,0,900.0,3,0.6,0,0.0,0.0,2,1
Bareilly,Uttar Pradesh,28.442326038126822,79.45870386252076,2,3,8,27.738892123626034,62.97990960385258,18.872881878346636,5.221699553769604,1.4673164979828122,1014.0770084737774,0.28970627646517516,0,0,0,1,0,900.0,3,0.6,0,0.0,0.0,1,1
Bareilly,Uttar Pradesh,28.372907155418385,79.4891880973005,9,6,3,31.973014382531574,72.12998714639346,3.429608650775527,19.36493341910903,0.6957571868900964,994.4182233224016,0.4661745483124539,0,0,1,0,2,900.0,3,0.6,0,0.0,0.0,1,1
Bareilly,Uttar Pradesh,28.338755315569614,79.53002526610017,16,1,11,32.571301172162634,50.77940591652889,41.35691422067804,7.543414540619,2.604757874897914,1011.4485774402051,0.4575854637386688,0,0,0,1,1,900.0,3,0.6,0,0.0,0.0,0,1
Aligarh,Uttar Pradesh,27.985526916510842,78.06463361703791,12,3,11,23.9998206374283,40.68586446276533,12.238120889178862,9.99116757250321,0.004522097557714887,1025.5065815814494,0.2722254600871334,0,0,1,0,5,900.0,3,0.6,0,0.3,0.0,0,1
Aligarh,Uttar Pradesh,27.905004858770337,78.06004480961633,3,6,4,15.546824429060855,49.55136843854645,17.615777746468815,17.715023651923794,0.5156544366568311,1006.1432616767273,0.5314743864902957,0,0,1,0,2,900.0,3,0.6,0,0.3,0.0,2,2
Aligarh,Uttar Pradesh,27.868006401893744,78.09671265415565,4,1,8,21.314813221812326,65.11006654073489,17.774159794875594,6.905611260758672,1.8100965063999461,1007.4558241713406,0.3135568492608693,1,0,0,0,0,900.0,3,0.6,0,0.3,0.0,1,1
Aligarh,Uttar Pradesh,27.979389522276506,78.17809661055827,1,1,10,32.796164246414456,78.98128683884056,33.70825003362783,18.791249407104157,0.7134585188885197,1027.0686197105742,0.1498049495129743,1,0,0,0,1,900.0,3,0.6,0,0.3,0.0,0,0
Aligarh,Uttar Pradesh,27.99330140633944,78.07105613752654,17,3,8,30.398174779747393,78.87656930251737,6.662590219336412,8.567023649916585,2.014909353889445,1001.9238436263938,0.3350793147375347,0,0,0,1,0,900.0,3,0.6,0,0.3,0.0,0,0
Tiruppur,Tamil Nadu,11.206376400513884,77.3756266952442,0,3,5,17.51290744081671,68.80010108740503,17.789197772129132,11.785030684830396,0.13807110018589971,1014.2485548584284,0.07825148636818866,0,0,1,0,0,900.0,2,0.4,0,0.0,0.0,1,2
Tiruppur,Tamil Nadu,11.172729758171066,77.43345332398286,0,4,5,33.98585767457389,87.06164027908494,1.639763000642025,7.303003146907601,0.6958917951273649,1000.8735081952535,0.09748916424777875,0,0,1,0,3,900.0,2,0.4,0,0.0,0.0,1,2
Tiruppur,Tamil Nadu,11.137308491450812,77.42207078859272,1,5,1,12.076410494055292,57.16671758498177,0.2727513835086587,15.703009115498169,0.09687672342189164,1003.2429301322735,0.18298965425064198,0,0,1,0,1,900.0,2,0.4,0,0.0,0.0,1,1
Tiruppur,Tamil Nadu,11.14675601712126,77.40305261178588,3,3,1,20.084054791384162,81.58288178104112,0.329622656724621,12.420603317227426,1.1959397191228447,1022.964639994792,0.4297120024001794,0,0,1,0,1,900.0,2,0.4,0,0.0,0.0,0,0
Tiruppur,Tamil Nadu,11.041509482784967,77.26632535257363,13,1,9,15.913060445377779,43.83098825587035,22.399751615071114,9.906541212399203,5.2375360695162945,962.4791500691489,0.30516735977602333,0,1,0,0,0,900.0,2,0.4,0,0.0,0.0,0,0
Moradabad,Uttar Pradesh,28.780800911561517,78.75545956173112,9,1,7,29.247478279942186,83.4255421450371,1.4814217877385865,2.547070816247012,1.470027331155149,1009.5584244079786,0.18578763054017416,1,0,0,0,0,890.0,3,0.6,0,0.3,0.0,0,0
Moradabad,Uttar Pradesh,28.87137947321966,78.73711612290474,17,5,1,32.19740607566109,54.92242163855751,17.97944957745931,5.845368062369561,0.6270367886309294,1003.3051944220625,0.2762523008485523,0,0,1,0,0,890.0,3,0.6,0,0.3,0.0,1,1
Moradabad,Uttar Pradesh,28.937306972943528,78.72664494481496,20,6,8,26.960492372907684,84.8800978757574,9.514572518107542,18.006521776754365,1.4224432299621066,1010.2597640281632,0.388381785785407,1,0,0,0,1,890.0,3,0.6,0,0.3,0.0,1,1
Moradabad,Uttar Pradesh,28.935206958843025,78.69543750793748,20,5,8,33.56435809050806,89.61412878633455,0.021263746677919092,8.012421903579103,0.4596395746637224,1003.9301291173233,0.3060361948666639,0,1,0,0,1,890.0,3,0.6,0,0.3,0.0,1,0
Moradabad,Uttar Pradesh,28.83794673513571,78.72190442535431,19,1,6,27.543591033676282,50.28130952474102,1.3094340148867483,11.940402161881108,4.535566165155576,982.3196914179812,0.12664614496676674,0,1,0,0,1,890.0,3,0.6,0,0.3,0.0,0,0
Jalandhar,Punjab,31.368283079529018,75.57865323482011,0,2,10,11.722399388946632,40.888116196830794,5.361305092358436,8.44452151699857,0.13000457684864006,991.5681865294437,0.3586448179295839,0,0,1,0,0,870.0,4,0.8,0,0.0,0.0,0,0
Jalandhar,Punjab,31.284129764484735,75.62358543068427,11,1,8,27.85182507674896,69.18849288396052,6.31989400602156,4.365746214756838,0.37689258116954955,997.9846865852311,0.46014016105960365,0,0,0,1,4,870.0,4,0.8,0,0.0,0.0,0,0
Jalandhar,Punjab,31.335084154353872,75.5792088138115,2,6,9,29.3523342390762,75.30066965467526,2.0228155716247467,14.290379280770946,0.9981074959446247,1016.8349358781041,0.09843693768587324,0,1,0,0,1,870.0,4,0.8,0,0.0,0.0,1,1
Jalandhar,Punjab,31.421401996145423,75.48785688686954,17,5,9,20.382198273575668,52.534861557410736,13.189677177739469,7.551746837173322,2.64436869573021,1035.182944474548,0.12934267520187398,0,1,0,0,1,870.0,4,0.8,0,0.0,0.0,0,0
Jalandhar,Punjab,31.348963287681862,75.58309195011273,8,4,9,33.696210929210956,87.9579306867509,5.73045438232752,7.595289322969047,4.805600302583048,993.5665485691324,0.5161143805931001,0,0,1,0,0,870.0,4,0.8,0,0.0,0.0,0,0
Bhubaneswar,Odisha,20.1991612091059,85.91851036079505,16,5,5,33.75045888021643,65.06060234228698,0.4006428671707513,1.0961207324304176,0.367527541560551,1015.1223762545396,0.2992746273863187,0,0,1,0,2,850.0,3,0.6,0,0.3,0.3333333333333333,2,2
Bhubaneswar,Odisha,20.270239888797157,85.8566230700268,3,2,8,44.89234488072978,71.28399294252236,6.429024746025927,9.984504233221234,1.4444163625720998,1046.3777518657223,0.23463636650078115,0,0,1,0,1,850.0,3,0.6,0,0.3,0.3333333333333333,0,0
Bhubaneswar,Odisha,20.25282141790475,85.7258798705668,14,0,7,15.826343596915196,85.26083696644523,10.113841302414937,5.6327227872767285,3.2553523620646074,980.9243631894442,0.2561483093783303,0,0,0,1,4,850.0,3,0.6,0,0.3,0.3333333333333333,1,2
Bhubaneswar,Odisha,20.31964396753884,85.82010625158185,0,0,9,31.722987142654553,54.43831091760354,2.361656182706482,18.438398337730842,1.82619485188589,1009.7235843759104,0.23228809122902244,0,0,1,0,0,850.0,3,0.6,0,0.3,0.3333333333333333,2,0
Bhubaneswar,Odisha,20.358765121731572,85.80254448483483,0,3,4,26.56895534203942,79.72959846991017,3.4587686179586976,18.861392167745667,0.6811501697791175,1002.2371533978317,0.2943716579367298,0,1,0,0,0,850.0,3,0.6,0,0.3,0.3333333333333333,1,1
Salem,Tamil Nadu,11.622882274209852,78.188933272375,16,3,1,21.958418202425378,44.235223284034895,7.0856666362985425,12.944598905600303,0.32316801759267666,1021.4264310338465,0.5833893705501644,0,1,0,0,1,850.0,2,0.4,0,0.0,0.0,0,1
Salem,Tamil Nadu,11.728492210316183,78.12363573433728,22,6,1,38.115554807245495,68.96230221809213,41.58444102725483,17.98870215507715,0.007096632295012031,1019.4924783942696,0.16607800537057524,0,0,0,1,2,850.0,2,0.4,0,0.0,0.0,2,2
Salem,Tamil Nadu,11.577696262206777,78.23073256160097,8,3,1,35.209164939783236,41.56707807770206,8.583764317903789,19.771800828672816,0.0538672980277672,1012.3623587916876,0.44273477788693366,0,0,1,0,0,850.0,2,0.4,0,0.0,0.0,0,1
Salem,Tamil Nadu,11.564335548678287,78.12597571489972,17,0,12,39.60415608393086,56.50194132007423,5.949546191001483,9.718268016646505,0.06248107688748217,1010.2852094803612,0.33072919703608417,0,0,1,0,3,850.0,2,0.4,0,0.0,0.0,0,0
Salem,Tamil Nadu,11.628185473610682,78.1393338240205,21,1,4,30.437849571240257,49.62417072454433,9.638582593934638,10.752513884432235,0.08726943327185731,1015.8302791171309,0.25790491323037684,1,0,0,0,1,850.0,2,0.4,0,0.0,0.0,0,0
Warangal,Telangana,17.938416496065784,79.56290609378985,19,5,10,29.430158265146886,59.92597312704375,18.85152826650286,11.241054208510247,0.01715735212911457,1011.7193021949148,0.3988799203981438,0,1,0,0,4,820.0,2,0.4,0,0.0,0.0,1,2
Warangal,Telangana,17.944155803215097,79.68504880038212,9,0,5,21.736921504139207,65.52136243241024,2.56735689631957,2.2263463953223113,0.2062338133397792,1011.1625345419427,0.35300246647387984,0,0,0,1,1,820.0,2,0.4,0,0.0,0.0,0,0
Warangal,Telangana,18.036990097042064,79.57250266233406,15,6,5,22.82738955007136,43.118494707748404,2.570927848940947,11.648201640580828,0.6007357466400953,971.0955099459013,0.051419205442487556,1,0,0,0,0,820.0,2,0.4,0,0.0,0.0,0,1
Warangal,Telangana,18.06437261489812,79.59215595096978,6,4,10,12.96194789512715,73.10284755644003,4.274320730684701,17.212367160879346,0.42335891461758457,997.2922235383284,0.2618739579990732,0,0,0,1,0,820.0,2,0.4,0,0.0,0.0,0,0
Warangal,Telangana,17.993365579717548,79.4947805750544,10,1,3,35.52334760221581,50.01894387031517,3.00359290530404,13.295417714525327,0.36661333613378544,984.1742829872094,0.10214025317258961,0,1,0,0,3,820.0,2,0.4,0,0.0,0.0,0,0
Guntur,Andhra Pradesh,16.393590167435782,80.5250748400672,13,2,6,27.426392861222155,47.35651686184301,14.144529808234164,15.615471971314001,0.7623111770637266,1019.5371179072781,0.3556871081286899,1,0,0,0,5,810.0,2,0.4,0,0.0,0.0,0,0
Guntur,Andhra Pradesh,16.244943981540363,80.38527440150595,4,2,1,31.211664634080623,81.71864349744615,8.302828070172705,13.773591751247297,0.7605401944144383,987.1933897596601,0.35123481374507126,0,0,0,1,2,810.0,2,0.4,0,0.0,0.0,1,1
Guntur,Andhra Pradesh,16.355571835826034,80.34326798275117,14,6,8,20.36000494609734,70.2985246118552,9.879634224310378,10.742114788583477,1.4408127327268068,1018.1530936743942,0.7893619003381296,0,1,0,0,1,810.0,2,0.4,0,0.0,0.0,1,0
Guntur,Andhra Pradesh,16.288600262907703,80.3760314935539,0,1,1,31.498553713320728,80.19800856611806,8.339664418962961,14.586731982970823,0.13097679794924438,1015.8109592609627,0.4799632079265892,0,0,0,1,4,810.0,2,0.4,0,0.0,0.0,1,2
Guntur,Andhra Pradesh,16.29634809485021,80.45039783260962,23,5,1,17.924438434226253,82.25912741591071,0.4803401181823324,6.272433719966495,0.5075011090811983,997.3524656201819,0.1275698504608346,0,0,0,1,0,810.0,2,0.4,0,0.0,0.0,1,1
Bhiwandi,Maharashtra,19.28511542234478,72.99017029367988,11,6,8,17.42194067904787,84.86530280785055,5.016661035535153,4.35311187264298,3.0006650401535895,1037.019717688579,0.5944572515054349,1,0,0,0,0,800.0,3,0.6,0,0.2,0.0,0,0
Bhiwandi,Maharashtra,19.353125434352055,73.11630433716509,15,1,1,26.224202111309587,49.04627500520024,32.867010533762624,7.182826359599013,0.8332669393933069,1020.0351654745833,0.13732742502515005,0,1,0,0,0,800.0,3,0.6,0,0.2,0.0,0,0
Bhiwandi,Maharashtra,19.313894971425405,73.04657975684752,5,5,8,12.628273565017507,78.66932371619335,6.940694640366843,3.5705415143166315,0.35098204727606486,989.1972112401476,0.24563643884495057,0,0,1,0,0,800.0,3,0.6,0,0.2,0.0,1,1
Bhiwandi,Maharashtra,19.300904562325947,73.1301945311979,15,1,8,30.862738330448813,59.57655050064979,3.4975952059330857,2.465395680515585,2.310631391242161,999.4979870264541,0.18899917474140884,0,0,0,1,1,800.0,3,0.6,0,0.2,0.0,0,0
Bhiwandi,Maharashtra,19.2195893938291,73.00160118343206,13,3,10,26.475777409524913,74.91056219549591,16.55116919370399,17.514280019910125,0.3499560394949844,1026.5317274135466,0.2167205758695884,1,0,0,0,1,800.0,3,0.6,0,0.2,0.0,0,0
Saharanpur,Uttar Pradesh,30.05242532612177,77.62578449530893,13,2,7,32.96300628313415,70.60338933316405,10.013335985345122,16.124039172243773,0.7049411465496338,1000.2775638577164,0.2253043076052954,0,0,0,1,2,790.0,3,0.6,0,0.3,0.0,0,0
Saharanpur,Uttar Pradesh,29.938325189218396,77.57435911244376,23,1,5,20.20010885788897,69.57750432310564,2.1149628867876076,4.147748239127636,1.5035403667268255,1010.5805685144354,0.2571701054206753,0,1,0,0,1,790.0,3,0.6,0,0.3,0.0,0,0
Saharanpur,Uttar Pradesh,30.025284115282954,77.48653126250845,1,3,2,31.064146918029486,59.052118945988,9.99652068692882,7.053816202430717,0.31775932371632637,1012.6974801024845,0.6994487807453831,0,0,1,0,0,790.0,3,0.6,0,0.3,0.0,1,0
Saharanpur,Uttar Pradesh,30.000232599693263,77.50638553290072,0,4,6,28.156837353197375,56.933686991897744,39.37610541217446,8.740790244667794,2.710560905865852,990.2320537004653,0.19383165586071366,0,0,0,1,0,790.0,3,0.6,0,0.3,0.0,0,0
Saharanpur,Uttar Pradesh,29.944928620808145,77.45583016992313,22,2,2,21.49942345810082,89.93618554277225,5.744566659649694,1.8934891679245092,0.10276777953430694,995.0504753714779,0.28981169994668754,0,0,1,0,3,790.0,3,0.6,0,0.3,0.0,1,1
Gorakhpur,Uttar Pradesh,26.673209396536155,83.3505658915464,14,5,1,24.36506996943386,83.07125179817247,12.47179515625918,3.254857175554421,2.7777880846987815,988.2739170951772,0.13450953007815747,0,0,0,1,2,780.0,3,0.6,0,0.2,0.0,1,0
Gorakhpur,Uttar Pradesh,26.85534234327399,83.47056487469882,18,3,6,18.126482277536816,79.62695166672734,1.1304343603787415,12.788595309433775,0.7549180345815992,975.8804010668305,0.18461936573481294,0,1,0,0,2,780.0,3,0.6,0,0.2,0.0,1,2
Gorakhpur,Uttar Pradesh,26.714876521942713,83.32894086381975,18,3,9,24.34864954751681,48.06793294188765,13.373716557223787,19.924892486593286,5.448207279456019,1024.411147924963,0.2769350623446732,0,0,0,1,1,780.0,3,0.6,0,0.2,0.0,0,0
Gorakhpur,Uttar Pradesh,26.841969553589674,83.31523743781565,21,1,3,26.18275005784507,43.84940554990425,14.626770139961462,11.884938122666606,0.10402114558461867,1002.1605456698254,0.24252359645486143,0,0,1,0,1,780.0,3,0.6,0,0.2,0.0,0,0
Gorakhpur,Uttar Pradesh,26.678886651147753,83.36965626184899,9,5,10,23.86529062063828,54.97605433430056,1.1722976735902628,11.201717107668951,0.25264390356351796,987.2250897283177,0.22301766618588417,0,0,1,0,0,780.0,3,0.6,0,0.2,0.0,1,1
Bikaner,Rajasthan,28.017895073034076,73.26400914495908,8,5,9,35.2002398124492,49.237902053698804,25.901718253248916,18.308474102192715,1.3728705035168025,1025.9490338380704,0.2880558782264371,0,1,0,0,0,760.0,2,0.4,0,0.0,0.0,0,0
Bikaner,Rajasthan,27.99941331456388,73.23320198847524,4,6,4,29.746958417125384,59.91750906779637,6.343498402097481,4.149458837410668,0.06185222714958822,1017.4258590841217,0.3870936553117658,1,0,0,0,2,760.0,2,0.4,0,0.0,0.0,2,2
Bikaner,Rajasthan,27.99826069440819,73.37877567423094,22,4,2,31.388378139552685,64.89292631136547,6.5583902465522375,13.963866162899695,0.11738441006088246,1030.007270424451,0.08381658176449465,0,0,1,0,1,760.0,2,0.4,0,0.0,0.0,0,0
Bikaner,Rajasthan,28.056594192355952,73.3820267698657,5,2,5,15.055251997814052,68.79322212034779,10.732066579361303,17.349677785910565,0.9161718223832442,999.5549237664416,0.07680840913151828,0,0,1,0,2,760.0,2,0.4,0,0.0,0.0,1,1
Bikaner,Rajasthan,27.94494246299337,73.29321898289456,11,2,1,29.87747177152695,43.28596946917708,0.36796427023732825,11.724823379339938,0.19240766880106583,1000.3765953190368,0.29234547535022903,0,0,1,0,2,760.0,2,0.4,0,0.0,0.0,0,1
Amravati,Maharashtra,20.952924848443438,77.83715312287318,5,2,6,30.63069167071514,60.18864381736354,20.81239873380045,14.092168294103594,1.9800922613540033,1011.2145603489195,0.4445599972131308,0,1,0,0,0,750.0,2,0.4,0,0.0,0.0,0,0
Amravati,Maharashtra,20.909878025262064,77.73074872631634,13,4,10,24.86856618921928,45.479467303055394,1.7806640740347408,17.532666786364942,0.21389337146330534,1022.791939864731,0.020410177701091037,0,0,1,0,1,750.0,2,0.4,0,0.0,0.0,0,0
Amravati,Maharashtra,20.913105917827117,77.75866521368047,11,2,9,24.933243840860648,78.02619673498268,15.16445247908793,1.8198054589935597,1.6309610363432965,1008.971897889555,0.15054740081941706,0,0,1,0,0,750.0,2,0.4,0,0.0,0.0,0,0
Amravati,Maharashtra,20.887294671535518,77.69412468317881,21,6,2,26.130951542801675,84.20369234453891,6.614213863982034,10.36850006994385,0.5945910990914048,1001.7826118637443,0.3847524882871197,0,1,0,0,0,750.0,2,0.4,0,0.0,0.0,0,0
Amravati,Maharashtra,20.973692263009994,77.66138717399113,9,1,8,32.96958076358285,82.94855920671316,0.386796707536975,16.326406115249412,4.947090376930835,1000.2193889583866,0.5023067602208524,0,0,1,0,2,750.0,2,0.4,0,0.0,0.0,0,2
Noida,Uttar Pradesh,28.459821223337062,77.32541552494196,2,4,1,19.87169943281157,76.79948576081912,1.2400850224176871,2.2023675455829936,0.025550212961211783,1020.253692254986,0.14524787039068382,0,0,0,1,0,740.0,4,0.8,0,0.3,0.0,1,0
Noida,Uttar Pradesh,28.47968469086182,77.3657299873516,10,5,5,29.200119419410317,78.0935183294329,6.294327286578069,8.507534738040457,0.9608412295002162,1030.3006490806108,0.19876337075426598,1,0,0,0,0,740.0,4,0.8,0,0.3,0.0,1,1
Noida,Uttar Pradesh,28.524318087663925,77.40567668768719,6,6,7,42.839756339508035,73.85813066920373,9.615139117814365,7.041661329208358,2.3037268818424943,1018.4579076628611,0.07899220213067944,0,0,1,0,0,740.0,4,0.8,0,0.3,0.0,1,0
Noida,Uttar Pradesh,28.59980308896766,77.43223271178263,18,1,11,21.016290080539623,81.11038593568621,0.23356000588848583,9.91896252729094,0.15451063926981753,1017.9222023635083,0.30521625806313246,0,0,0,1,1,740.0,4,0.8,0,0.3,0.0,0,0
Noida,Uttar Pradesh,28.62948065805083,77.34458883894614,4,0,8,26.982061773528514,51.88667872175462,14.653409169127979,1.8461401289897976,3.354696099564023,1023.248352595702,0.2860684725601477,0,1,0,0,0,740.0,4,0.8,0,0.3,0.0,1,1
Jamshedpur,Jharkhand,22.741272679116125,86.13338935807047,1,2,9,33.0546802899523,83.53166704351415,12.179985447646924,2.7253052177810515,0.667097924159399,1005.8376072639498,0.2986574913437495,0,1,0,0,1,730.0,3,0.6,0,0.0,0.0,1,1
Jamshedpur,Jharkhand,22.777804504337844,86.29908862280087,0,4,4,13.671886888244408,62.16722363541149,4.134897448146569,16.67703609091217,0.06451463623099192,1009.2648358642365,0.3392950950816712,0,0,1,0,1,730.0,3,0.6,0,0.0,0.0,0,0
Jamshedpur,Jharkhand,22.7776502481102,86.188880851768,8,4,12,23.134833459325293,76.7453528476093,0.8590441503749173,19.5898697525584,0.2678169203767392,1027.0268768726846,0.2692363347858321,0,0,0,1,2,730.0,3,0.6,0,0.0,0.0,1,1
Jamshedpur,Jharkhand,22.736893094080603,86.17024688193959,3,6,8,37.6889452636997,52.64101612455418,10.074895978371652,8.69793153855024,1.835657197048009,1029.2627428461724,0.046798488568914325,0,0,1,0,3,730.0,3,0.6,0,0.0,0.0,2,2
Jamshedpur,Jharkhand,22.86129405987088,86.14652443845902,22,4,12,18.28445286438775,89.53663009437378,16.6796572125645,16.05467802190284,0.2866926414430852,1006.825544455204,0.4208864548686323,0,1,0,0,1,730.0,3,0.6,0,0.0,0.0,1,1
Bhilai,Chhattisgarh,21.296083897734036,81.392206391314,5,4,5,28.125968636641172,70.31975563881504,41.661115863938704,1.120800459965103,0.29559286175332833,960.528787085949,0.19665071641613516,0,1,0,0,2,720.0,2,0.4,0,0.0,0.0,2,1
Bhilai,Chhattisgarh,21.266051882935823,81.39048729198043,18,4,5,14.884828848428457,73.17388260582727,12.581157826561517,2.174206786453139,0.3495776144834183,1004.3302307594952,0.20531712231777544,0,1,0,0,5,720.0,2,0.4,0,0.0,0.0,1,2
Bhilai,Chhattisgarh,21.213826185985663,81.45731440074758,2,3,8,35.30737190507072,51.662859167139565,1.1875126088247248,1.5070475208850667,2.9797865651426783,1025.842521570155,0.30229933443054663,0,0,0,1,1,720.0,2,0.4,0,0.0,0.0,1,0
Bhilai,Chhattisgarh,21.260545086169525,81.45699576368547,11,2,8,29.94026629056354,67.41456242974826,1.3819995188101863,14.75175271763008,2.6945137844659555,994.6794508611301,0.22654650887532676,0,0,1,0,3,720.0,2,0.4,0,0.0,0.0,0,1
Bhilai,Chhattisgarh,21.27699958976592,81.37598537731918,18,3,1,23.006651083430395,86.81610310043234,40.91990172784874,4.62263785250549,0.05511286440619033,1020.4166523539864,0.2744153864700348,0,0,0,1,1,720.0,2,0.4,0,0.0,0.0,0,0
Cuttack,Odisha,20.463344537060582,85.95993174813648,22,4,9,16.49803035423021,81.13980300737092,16.724780368068895,15.028979363655202,2.4905749407301183,996.7069401120722,0.5980135164753884,0,1,0,0,1,710.0,3,0.6,0,0.3,0.3333333333333333,1,1
Cuttack,Odisha,20.445627723788053,85.89941517695495,23,6,5,29.638359145011886,54.02868454754013,0.47657467634091905,3.2223077327496106,0.9447647811260617,1008.817581018317,0.623073796807028,0,0,1,0,2,710.0,3,0.6,0,0.3,0.3333333333333333,2,1
Cuttack,Odisha,20.48609937270119,85.91678780092109,21,5,4,31.50687878862346,83.02273416795794,0.7668957994293918,9.498609758573748,0.9975463897535266,983.307744931799,0.08142614366061253,1,0,0,0,0,710.0,3,0.6,0,0.3,0.3333333333333333,1,1
Cuttack,Odisha,20.463642512456477,85.94219274329502,21,5,5,20.19545270117478,66.1560059290833,1.3865471497559525,3.4722371216077326,0.36152368948534924,986.3875105927282,0.12900134486998174,0,1,0,0,4,710.0,3,0.6,0,0.3,0.3333333333333333,2,2
Cuttack,Odisha,20.55600070690418,85.86182561493486,3,0,11,30.344026797186608,47.48921832304927,2.9808656974933223,6.597708205921191,1.0716462180834416,1020.3070455090652,0.14457311134414072,0,0,0,1,2,710.0,3,0.6,0,0.3,0.3333333333333333,2,2
Firozabad,Uttar Pradesh,27.155133033802873,78.49386600737554,1,1,1,24.03979235693602,49.00485041740691,13.125402332432959,6.347990057251595,0.1354945797885983,996.0954256097094,0.4906205704174188,0,0,0,1,0,700.0,3,0.6,0,0.3,0.0,1,0
Firozabad,Uttar Pradesh,27.242531028318535,78.40879895405725,18,3,12,30.027883870952962,61.58657709248327,7.70139789095761,3.2428928160754014,1.1770379792488332,1014.0085105332678,0.040515800177092574,0,1,0,0,0,700.0,3,0.6,0,0.3,0.0,0,0
Firozabad,Uttar Pradesh,27.224765498778545,78.32632087605036,19,5,11,28.555026552450386,46.75831886973122,10.610640889733254,17.25677734247579,0.030992940927166066,1009.0622843954806,0.7025128082524107,0,0,1,0,1,700.0,3,0.6,0,0.3,0.0,1,1
Firozabad,Uttar Pradesh,27.192096054028642,78.30169848181067,15,2,8,31.358603676036985,53.1211077564479,10.508702572913297,2.305323782172816,0.6587854981645997,999.0401535515266,0.3535135985229469,1,0,0,0,1,700.0,3,0.6,0,0.3,0.0,0,1
Firozabad,Uttar Pradesh,27.20565222275587,78.36402573535928,19,0,2,22.914436167356484,72.76916541132479,8.830760678028401,3.1467958781151157,1.1218667020731865,1032.7666518361941,0.11988316373414605,1,0,0,0,1,700.0,3,0.6,0,0.3,0.0,0,0
Kochi,Kerala,9.902483356884478,76.17720629763933,23,5,5,20.526679751813248,53.70451195132664,5.01998116004355,11.684700110737865,0.18177323629310582,1000.9490923262653,0.13387909689005834,0,0,0,1,5,680.0,3,0.6,1,0.0,0.0,3,2
Kochi,Kerala,9.920139729960677,76.27622456696479,22,3,4,20.223825380151666,84.12155490526716,0.9834194864417247,10.176190582023072,0.19398074750619865,1024.4625515123425,0.43092696701527,0,1,0,0,3,680.0,3,0.6,1,0.0,0.0,2,1
Kochi,Kerala,9.864091514827093,76.25581755014929,6,1,1,25.594149091248354,80.62475597733105,4.93438662513838,3.862962315136663,0.3189077560805835,1011.5659895874702,0.5603319598384742,0,0,0,1,1,680.0,3,0.6,1,0.0,0.0,0,1
Kochi,Kerala,9.893851762997471,76.25694453091441,17,2,2,48.81177956788912,64.7451255825142,8.508688434846231,11.733668376381972,0.6531123387305862,1013.7874788262314,0.32854379607586987,0,0,1,0,0,680.0,3,0.6,1,0.0,0.0,0,0
Kochi,Kerala,9.855599956875539,76.26523901203248,4,0,2,25.32078344808388,46.042279334921545,10.176166594185744,9.048694996241526,0.1028717554042043,1030.1740804880867,0.2565706449478747,0,1,0,0,0,680.0,3,0.6,1,0.0,0.0,1,1
Bhavnagar,Gujarat,21.70351586869827,72.24924668169464,12,1,10,18.611645106103353,74.8913841464793,10.27381546682179,10.76166011436829,0.4506560203662269,1005.8049201972275,0.35894824690369653,0,0,1,0,1,670.0,3,0.6,1,0.5,0.0,0,0
Bhavnagar,Gujarat,21.807234539231196,72.06833291190972,15,1,6,36.954566838949674,64.27171167204652,1.2322762202307422,4.95335295810821,2.0766215689498093,1042.8812256159374,0.4066219637693563,0,0,1,0,0,670.0,3,0.6,1,0.5,0.0,1,1
Bhavnagar,Gujarat,21.78111314667769,72.16986437606367,17,1,1,28.19111271517482,51.377332776720024,5.191405542852568,19.90191709437244,0.7051630525006842,1044.2006424752221,0.3224574299633949,1,0,0,0,1,670.0,3,0.6,1,0.5,0.0,0,0
Bhavnagar,Gujarat,21.781485734365685,72.17572768368423,4,0,2,14.813796096903523,62.0258573425084,1.7310999725893392,13.168374598778541,0.20514479758224902,1028.4162599258152,0.3548001223781034,0,0,1,0,3,670.0,3,0.6,1,0.5,0.0,2,1
Bhavnagar,Gujarat,21.81565819266243,72.05654270763584,22,1,7,21.401665608821666,67.92015301228815,8.793204254688286,19.25650978248862,0.8185770850488183,1016.2871857076234,0.2035586585000862,1,0,0,0,1,670.0,3,0.6,1,0.5,0.0,1,2
Dehradun,Uttarakhand,30.23418577704747,78.02027941843596,12,4,12,29.828762566994754,42.90291968151472,1.9093438997649765,8.84985509408044,0.23399752618588987,1006.1458375293971,0.3321242631531017,0,1,0,0,2,660.0,4,0.8,0,0.3,0.0,0,0
Dehradun,Uttarakhand,30.36999090363954,78.08394795863532,8,5,4,29.371933855826757,69.89400506338498,23.453218340334455,17.899754161817004,0.16595408145217574,1033.1542002922993,0.36000051711729636,0,0,1,0,1,660.0,4,0.8,0,0.3,0.0,0,0
Dehradun,Uttarakhand,30.404196439488526,78.01064819523224,15,1,7,32.86020775485935,83.03132379074566,26.041669334919064,17.60585476712366,0.0929778464898823,1025.7497154952653,0.18417686110217663,0,1,0,0,0,660.0,4,0.8,0,0.3,0.0,0,0
Dehradun,Uttarakhand,30.288771151827916,78.08072735113353,23,3,4,29.281085883285495,48.80617855311783,7.98022700199514,5.063203920426718,0.11625093464236344,1034.9484482446082,0.23659835800583537,1,0,0,0,3,660.0,4,0.8,0,0.3,0.0,2,1
Dehradun,Uttarakhand,30.279498566120473,77.9505168409221,18,4,3,36.20846599377055,75.57159275661112,0.6059194004833687,1.7192585248458427,0.796631115904888,990.9461781164313,0.18953963808347646,0,1,0,0,0,660.0,4,0.8,0,0.3,0.0,0,0
Durgapur,West Bengal,23.43397114374812,87.21785377296402,0,2,12,23.045717592390886,60.12863646555677,8.113683019959371,11.270339264208813,0.1352966099577911,991.2618270103945,0.2842071415647729,0,0,1,0,1,650.0,3,0.6,0,0.0,0.0,1,1
Durgapur,West Bengal,23.59037097088602,87.23019979431076,11,5,5,19.136758600063676,41.9277916814851,6.775745593235579,17.99805700373517,0.875901046173354,999.2953970284798,0.45295922459440213,0,1,0,0,1,650.0,3,0.6,0,0.0,0.0,0,1
Durgapur,West Bengal,23.537207718418294,87.26291990438969,20,6,2,24.229346182359254,53.87709931338452,8.329672982410072,18.148480176964593,1.4404911961433207,1027.5041152494928,0.15263243198658305,0,0,0,1,3,650.0,3,0.6,0,0.0,0.0,1,1
Durgapur,West Bengal,23.58407066322226,87.28044541121244,19,5,10,29.08358771998038,72.07548280758456,15.793689272842071,11.841932672868644,0.7259272524585636,1013.5372071206425,0.49585875696222775,1,0,0,0,3,650.0,3,0.6,0,0.0,0.0,1,2
Durgapur,West Bengal,23.602312443077196,87.22601395725466,11,2,9,28.342680073247045,87.14736594698647,3.1856124064103133,14.13972985106019,1.363620614550322,994.7589746809565,0.16322136667504372,0,1,0,0,1,650.0,3,0.6,0,0.0,0.0,0,1
Asansol,West Bengal,23.727190263713926,86.91565074602265,20,0,3,26.583160284434793,85.29942459700216,9.168508122247548,13.484154025155103,0.11701689247700296,977.8714303376071,0.1455055018291291,1,0,0,0,2,640.0,3,0.6,0,0.0,0.0,1,0
Asansol,West Bengal,23.634796591895327,86.98941225840981,2,6,4,35.94689956373382,83.00010842819648,5.310599387137417,19.93004649674233,0.3257647819924768,986.1662186932805,0.3280801747629504,0,1,0,0,2,640.0,3,0.6,0,0.0,0.0,2,1
Asansol,West Bengal,23.608661791442135,86.93860067059497,8,2,11,23.4741236025316,52.99090688806804,1.7834900860031428,1.6357015984873624,0.33995654518335083,1005.757711289139,0.2766745356332854,0,0,0,1,1,640.0,3,0.6,0,0.0,0.0,0,0
Asansol,West Bengal,23.634155559432113,86.91724818405278,6,5,4,29.888129341533944,77.75608224472421,4.299148644388945,19.211822181690124,0.9980627273009117,1022.6329672901393,0.19894964235511683,0,0,0,1,1,640.0,3,0.6,0,0.0,0.0,1,1
Asansol,West Bengal,23.683336791917746,87.00655282020541,2,3,5,38.83979765368074,54.970364624119796,25.91266782379884,18.445039062467625,0.6067632111149361,1016.7099259418272,0.2631347139356836,0,0,0,1,5,640.0,3,0.6,0,0.0,0.0,1,1
Nanded,Maharashtra,19.068442673111957,77.36926172094526,4,1,11,32.463597378347636,80.13750259262967,0.06563234368260722,4.822487928540698,2.1908587976260314,990.7580443120997,0.13975826945071104,0,0,0,1,1,630.0,2,0.4,0,0.0,0.0,0,0
Nanded,Maharashtra,19.079196242716613,77.24147178096067,18,2,1,21.286509460827965,57.85321338929714,10.752146780137197,2.775880114026795,1.9830346491480997,1008.011437206284,0.2372471153899667,0,1,0,0,2,630.0,2,0.4,0,0.0,0.0,1,1
Nanded,Maharashtra,19.07219375130672,77.34375810341236,20,6,3,38.8073663600995,81.39706328209206,23.012526876778292,10.118045836177782,0.8169749544186496,1020.6080683642139,0.33133653178651723,0,0,0,1,2,630.0,2,0.4,0,0.0,0.0,1,1
Nanded,Maharashtra,19.158834479935734,77.28423775233566,15,6,3,20.078825263185493,77.26620085509632,10.374582073988499,7.121138013990804,0.030560050033559525,1025.5161961060348,0.4715255982633896,0,1,0,0,0,630.0,2,0.4,0,0.0,0.0,0,0
Nanded,Maharashtra,19.078760163120798,77.40651172998791,21,6,9,25.009685813325436,47.02831000346424,6.4606758542925045,5.0214245779488165,3.151591502543275,1002.3166739039655,0.1694397762669408,0,1,0,0,0,630.0,2,0.4,0,0.0,0.0,0,0
Kolhapur,Maharashtra,16.73737197562574,74.24699113642075,10,2,8,24.732111330106296,65.67766888709521,40.35467992461036,8.319491016676768,0.20938494898536336,1030.2398747272216,0.17626215064169676,1,0,0,0,2,620.0,3,0.6,0,0.2,0.0,0,2
Kolhapur,Maharashtra,16.65450901808441,74.28460833863346,16,4,10,29.427968025137055,60.844951737044276,9.50895059898277,4.514003932384403,0.7341250683974335,1004.6682874882316,0.07516999855325333,0,0,1,0,0,620.0,3,0.6,0,0.2,0.0,0,0
Kolhapur,Maharashtra,16.797598708461802,74.16598048781017,18,6,1,41.356871977661044,76.63241288132062,6.990688155814924,8.468436785385332,0.14409533040163722,1003.7318751327731,0.05714622930128416,0,1,0,0,0,620.0,3,0.6,0,0.2,0.0,0,0
Kolhapur,Maharashtra,16.725194346534177,74.15453551607857,19,3,9,31.77091802017782,57.540548746622534,19.589969399422362,2.7706170347794683,4.456657910016597,1009.5090931525967,0.2140045949073862,0,1,0,0,0,620.0,3,0.6,0,0.2,0.0,0,0
Kolhapur,Maharashtra,16.710043435617017,74.2347322593196,16,2,3,31.738391870947588,65.18970334948887,19.582500110566716,12.496934699691398,0.11135518672432974,1015.513373962824,0.05919528158957096,0,1,0,0,2,620.0,3,0.6,0,0.2,0.0,0,0
Ajmer,Rajasthan,26.526388283771603,74.6606725225289,8,3,7,28.050178141376815,42.7838806863567,51.65856172526648,12.227447029906036,1.1836936737800563,1023.5822663904788,0.050956619976777785,0,1,0,0,0,610.0,2,0.4,0,0.0,0.0,0,0
Ajmer,Rajasthan,26.48737967980683,74.55403467351537,2,3,7,34.83590506152639,63.58431925182625,11.174851108191117,11.695653516386553,0.38704770645822906,989.5154002137604,0.5763704521998507,0,0,0,1,3,610.0,2,0.4,0,0.0,0.0,0,1
Ajmer,Rajasthan,26.52361736314917,74.57186136541151,21,3,8,32.46181907512885,66.49502188026655,11.459512553835447,10.73900409425628,2.1559178355709414,981.1814775607555,0.4353196585723534,0,0,0,1,1,610.0,2,0.4,0,0.0,0.0,0,0
Ajmer,Rajasthan,26.445891556060474,74.6166569342957,21,4,9,18.640586188300254,82.38179013634667,3.684928638291196,11.784474483857734,4.314666735272917,1015.1345411342639,0.2815253035488526,0,1,0,0,0,610.0,2,0.4,0,0.0,0.0,0,0
Ajmer,Rajasthan,26.52897153613505,74.57137414366355,16,2,12,37.240353664428056,54.41156185074307,6.523680176679939,16.220224152225498,1.356663743150831,993.1117773115877,0.10443536072105773,0,1,0,0,1,610.0,2,0.4,0,0.0,0.0,0,0
Akola,Maharashtra,20.800234355397887,77.03257400737283,4,5,3,25.2972108969277,70.94721880928098,7.893018707627464,19.083381607415152,0.26857127159451016,1028.2330317124652,0.2668314271619108,1,0,0,0,0,600.0,2,0.4,0,0.0,0.0,2,1
Akola,Maharashtra,20.77695335754456,76.9703335299504,6,0,7,9.111150049756485,60.286975544148376,23.715112735139737,12.040536823295385,3.449249246168925,1006.4445962577967,0.32271217775085653,0,0,1,0,1,600.0,2,0.4,0,0.0,0.0,0,0
Akola,Maharashtra,20.79220627571495,77.01562887637563,5,4,1,42.108702927260836,68.29722106511707,14.298923646827058,7.431778060646666,0.38116303973682303,1005.6538466573701,0.2578866072076489,0,1,0,0,1,600.0,2,0.4,0,0.0,0.0,0,0
Akola,Maharashtra,20.725731937080003,76.9805958893278,11,0,8,36.76058966148728,84.39603049190002,36.41573536859272,7.504574337010717,1.0480671570789564,1023.2540306439662,0.3135214425412998,1,0,0,0,0,600.0,2,0.4,0,0.0,0.0,0,0
Akola,Maharashtra,20.78789952001346,77.05625913527423,8,5,6,30.79536600525141,81.28896850054986,17.473259470224555,8.932355758474436,0.2916143412607072,988.5703998156645,0.5271973428331305,0,0,1,0,0,600.0,2,0.4,0,0.0,0.0,0,1
Gulbarga,Karnataka,17.297772923393403,76.84118679304784,20,6,12,24.008301925218333,65.20822777681599,4.13798562816624,3.1486607485954314,0.23692284938414068,982.4246389575966,0.2862121531846899,0,1,0,0,0,590.0,2,0.4,0,0.0,0.0,1,1
Gulbarga,Karnataka,17.25976109183766,76.89722123829678,2,6,3,32.08228194225437,44.189553647422464,3.0545148484359896,9.375883468251155,0.4962943996555762,1007.0397037246539,0.27944610955893306,1,0,0,0,0,590.0,2,0.4,0,0.0,0.0,1,2
Gulbarga,Karnataka,17.400502412115294,76.9013436138335,13,0,7,19.947611548582778,59.2363868051481,8.848303825873987,10.182522665559452,2.245710618359765,1017.1353674208477,0.05930003172727834,0,0,0,1,2,590.0,2,0.4,0,0.0,0.0,0,0
Gulbarga,Karnataka,17.40502985843755,76.81417529460077,17,0,6,23.434334766563694,77.30996909934649,7.456102851601942,11.575132836724569,4.798565308811895,1006.1860304288773,0.26856937794462743,0,0,0,1,2,590.0,2,0.4,0,0.0,0.0,0,0
Gulbarga,Karnataka,17.35566286765051,76.90688420811773,5,3,10,31.919939458342654,54.869732652042025,10.872120358513815,19.788018154291105,0.3286181404410689,1013.0570769623429,0.3357514468488834,0,1,0,0,4,590.0,2,0.4,0,0.0,0.0,1,0
Jamnagar,Gujarat,22.424793062104374,69.98508422825147,10,0,10,13.375234982830179,55.13889548511294,24.767682874629635,12.345712202865993,0.0588469272373446,1029.7541265516459,0.4728927043189786,0,0,1,0,5,580.0,3,0.6,1,0.5,0.0,2,2
Jamnagar,Gujarat,22.47990451830053,70.02126111577188,3,3,2,17.92051739745991,48.48129650728564,14.806725565581296,2.810206625382195,0.03819860287324868,1017.5351490842074,0.15891367811191187,0,0,0,1,0,580.0,3,0.6,1,0.5,0.0,1,1
Jamnagar,Gujarat,22.416184906437312,70.01930536922005,7,3,10,17.587233010169108,59.88776654681017,10.952514787768015,8.688616931471575,0.11460849311614234,1000.7335194775203,0.3734739127674408,0,0,1,0,2,580.0,3,0.6,1,0.5,0.0,1,1
Jamnagar,Gujarat,22.541052859033936,70.01998114883774,18,0,7,27.43838939087134,66.68245470027719,0.49272551892188843,10.935722690009516,1.4575356116660743,1026.3575717760925,0.08859173458681846,0,0,1,0,1,580.0,3,0.6,1,0.5,0.0,0,0
Jamnagar,Gujarat,22.38369946300945,70.04639768888529,21,3,2,23.479513246605016,77.02444956230448,3.4896472566724643,18.803811150651644,0.4970873032881387,1013.0330776067078,0.2891471386569165,0,0,0,1,0,580.0,3,0.6,1,0.5,0.0,0,0
Ujjain,Madhya Pradesh,23.244556038799328,75.8803329200789,18,2,1,31.801748075959352,84.53094893281165,3.6107684587710454,16.94510799475732,1.0997108542415766,1006.5622377542702,0.18360316975697308,0,0,1,0,1,570.0,2,0.4,0,0.0,0.0,0,0
Ujjain,Madhya Pradesh,23.274142187923662,75.87331910056905,5,2,9,17.590940731085304,78.07172320167942,3.585076982211173,16.71657547353808,5.420143644490695,994.2747404957513,0.15415947204701544,1,0,0,0,5,570.0,2,0.4,0,0.0,0.0,1,2
Ujjain,Madhya Pradesh,23.165858552958372,75.76457479407682,18,3,11,25.594461082602432,48.01265799932608,7.270381460872888,3.3132472839349507,0.40810561033616344,1037.9167071797515,0.35075884682082525,0,1,0,0,0,570.0,2,0.4,0,0.0,0.0,0,0
Ujjain,Madhya Pradesh,23.251668428434048,75.70537619765577,4,6,11,35.07821147130926,42.73040559779786,5.384219967029187,6.039199422308803,0.4025146428680939,986.5510273206274,0.41529484502999087,1,0,0,0,3,570.0,2,0.4,0,0.0,0.0,2,1
Ujjain,Madhya Pradesh,23.11828007731657,75.81618646754116,16,3,2,40.46675086483657,62.52576027241004,0.9299368517852415,6.637521900750081,0.8828410639614274,1004.404460793517,0.6013596474678679,0,0,1,0,5,570.0,2,0.4,0,0.0,0.0,0,0
Loni,Uttar Pradesh,28.674887475194208,77.23436299241226,0,1,12,5.344775517249047,52.34134121163358,13.219023293669615,14.427815897324097,1.0185668242163533,1023.9793029254814,0.2249727618462409,0,0,1,0,0,560.0,4,0.8,0,0.3,0.0,1,1
Loni,Uttar Pradesh,28.82790076817704,77.21721976472429,15,2,10,7.933253964147948,44.72784556110939,5.747407845195322,16.344788616632542,0.16013417058550017,1027.6375904206013,0.11374583572919388,0,0,1,0,0,560.0,4,0.8,0,0.3,0.0,0,0
Loni,Uttar Pradesh,28.850075253121567,77.26072691834996,17,0,6,39.95107175961638,81.62323956643455,18.05944272140712,12.350764125184442,0.10320385834092895,997.583414630816,0.17769122639901624,0,0,0,1,5,560.0,4,0.8,0,0.3,0.0,1,1
Loni,Uttar Pradesh,28.728003408826297,77.207746750855,10,1,10,19.836699910638952,44.394841379719836,9.596464004668375,12.073668806554195,0.41026111341964877,997.1916825886791,0.1791764018950843,0,0,1,0,4,560.0,4,0.8,0,0.3,0.0,0,0
Loni,Uttar Pradesh,28.72828136474642,77.30224824673024,15,0,2,18.01151464279326,69.65362085626506,0.9122242963436056,17.43865691564304,0.4738272194323926,993.4637499957337,0.2849872733208541,1,0,0,0,0,560.0,4,0.8,0,0.3,0.0,0,1
Siliguri,West Bengal,26.638184918901228,88.45695955916764,3,0,3,27.809495142233878,80.58527559637196,1.6257840723435355,15.592650525146622,0.4146663611057096,1008.5756105603034,0.17047031211408148,1,0,0,0,2,550.0,4,0.8,0,0.1,0.0,1,1
Siliguri,West Bengal,26.75625870643639,88.39175915852252,17,4,10,40.869794038606805,66.97864804487753,7.910356898004709,14.927702868646568,1.0688507194668935,1024.6938491881485,0.3374898286796691,0,0,1,0,0,550.0,4,0.8,0,0.1,0.0,0,0
Siliguri,West Bengal,26.65571429507012,88.48289567832163,3,4,9,29.64461014422447,72.31939491053416,18.973132700223182,2.079541175221796,2.002975923706451,1016.4503743266908,0.1696420720640245,0,1,0,0,0,550.0,4,0.8,0,0.1,0.0,1,0
Siliguri,West Bengal,26.698683167953785,88.42530926121995,3,3,8,28.600282241387927,53.30323128295186,5.187092808323481,6.657190848448391,6.601518645968739,1000.4525370764663,0.05506791177778001,0,0,0,1,4,550.0,4,0.8,0,0.1,0.0,2,1
Siliguri,West Bengal,26.650913823926352,88.4589903962528,13,5,6,35.422464454403645,46.2844404217126,9.990574169176092,9.642694615983102,0.811178809852935,1007.6729088006352,0.12634882325907057,0,0,0,1,1,550.0,4,0.8,0,0.1,0.0,1,1
Jhansi,Uttar Pradesh,25.452278029509102,78.4856380917023,3,6,11,25.570272195077482,60.95775479530019,9.335250523697194,16.63467337271038,1.6475007594300575,1018.848592466071,0.09515275477221098,0,0,0,1,1,540.0,3,0.6,0,0.0,0.0,1,0
Jhansi,Uttar Pradesh,25.504166157397506,78.64544466820445,12,1,11,21.812568469878247,49.52802698385501,11.505186983180337,6.178462602568777,0.20857596567060666,996.7672009951925,0.15900492099325123,0,1,0,0,1,540.0,3,0.6,0,0.0,0.0,0,0
Jhansi,Uttar Pradesh,25.538403734314446,78.48082336908716,10,4,11,33.04221325977588,89.82850569451094,5.911736324827754,8.43478135126897,0.26635045783041245,1011.3320967081214,0.07751188148212133,1,0,0,0,2,540.0,3,0.6,0,0.0,0.0,1,1
Jhansi,Uttar Pradesh,25.52777415855773,78.47802942790982,9,5,5,16.886720027976097,50.06444490712572,25.810104068023577,1.6679668218950578,0.39391431159324364,1010.1770485983825,0.313725126127809,0,1,0,0,1,540.0,3,0.6,0,0.0,0.0,1,0
Jhansi,Uttar Pradesh,25.496549182562088,78.54173627582435,14,1,5,19.820869559708054,63.544317025371136,5.448829153689366,16.35808259524881,0.16941473808753293,1002.2672562160454,0.3640732801085327,0,0,1,0,1,540.0,3,0.6,0,0.0,0.0,0,1
Ulhasnagar,Maharashtra,19.268731163533364,73.23288639801082,19,2,5,27.994397280625794,53.42611045732106,3.4625950837524306,16.249403619306527,0.24353210839622227,1005.1971666926904,0.1521895356269266,0,1,0,0,0,530.0,3,0.6,0,0.2,0.0,0,0
Ulhasnagar,Maharashtra,19.26015270323337,73.0725918079945,17,5,11,26.921523792043647,77.10733016302423,0.20103931932399757,7.3564149531552285,0.8523134714529108,1006.3547824611289,0.4327055037203086,0,0,1,0,0,530.0,3,0.6,0,0.2,0.0,0,0
Ulhasnagar,Maharashtra,19.312288873443734,73.08530856091285,23,5,1,25.25227426690799,72.66970825135073,2.1009788952173474,10.947504243249005,0.22138740327953382,1021.6867053320125,0.5893906347164666,0,0,0,1,1,530.0,3,0.6,0,0.2,0.0,1,1
Ulhasnagar,Maharashtra,19.21808786150755,73.18273460992238,12,2,5,22.098740194277582,80.92777817877416,26.152272032987906,15.716090718045942,0.2837514103775861,1006.1580515012248,0.17010736922184166,0,0,1,0,0,530.0,3,0.6,0,0.2,0.0,0,0
Ulhasnagar,Maharashtra,19.136577042264474,73.04197894467801,13,0,1,37.34478353417973,41.962900859602016,34.884968447205395,5.225822296622369,0.43160798785839344,1005.6084070973188,0.5605129559440659,0,0,0,1,4,530.0,3,0.6,0,0.2,0.0,1,1
Jammu,Jammu and Kashmir,32.812496287145116,74.78830587426619,14,2,4,28.96413345875475,78.23883645630363,11.645341692503345,3.8232995968473524,0.3238428408965548,1009.6502254817345,0.15697681383941597,0,0,0,1,4,520.0,5,1.0,0,0.1,0.0,1,2
Jammu,Jammu and Kashmir,32.81819219727737,74.86112722446465,18,4,2,22.56463268415464,72.78711064698625,3.324620806280368,8.496108730127737,0.5891510806411482,1008.0486371758998,0.5155798384235333,0,0,1,0,2,520.0,5,1.0,0,0.1,0.0,0,0
Jammu,Jammu and Kashmir,32.73001665253402,74.93007332304117,20,5,11,20.559895433200584,88.44052891954341,25.51753845259263,16.992648893386587,0.44157645976973475,1014.3457625918157,0.1144909947092514,0,1,0,0,2,520.0,5,1.0,0,0.1,0.0,1,1
Jammu,Jammu and Kashmir,32.688952859255096,74.89373105095696,22,0,4,10.851938199117146,71.68430043515502,10.442305489606875,10.58025989869701,0.9605126381868312,1008.3988763417448,0.3699332625531132,0,0,1,0,4,520.0,5,1.0,0,0.1,0.0,2,1
Jammu,Jammu and Kashmir,32.630767370688154,74.93980811592381,8,3,9,33.9275739960789,80.35096178920179,2.301612642742008,2.8090640879391855,0.5425013572301017,1010.5456355956056,0.1912701836490321,0,0,0,1,1,520.0,5,1.0,0,0.1,0.0,0,0
Sangli-Miraj-Kupwad,Maharashtra,16.932823220027956,74.53294598300421,6,4,10,24.921420739946544,46.99389845515632,3.126680786127074,6.581325409829493,0.22564245164990798,996.9405093360513,0.10818284171723139,0,1,0,0,0,510.0,3,0.6,0,0.2,0.0,0,0
Sangli-Miraj-Kupwad,Maharashtra,16.945476075454653,74.57894865318266,3,5,9,32.6956678100942,49.92289065195675,0.7471330435484841,13.60935155186235,0.5276187703966819,988.9389083432045,0.3280382982689654,1,0,0,0,2,510.0,3,0.6,0,0.2,0.0,2,1
Sangli-Miraj-Kupwad,Maharashtra,16.914887871290187,74.58898970244563,5,4,10,26.32106732920504,68.03468335362724,16.09795777301415,10.574015941386918,0.06892941636066752,1006.0051166894901,0.10590391751385493,0,0,0,1,1,510.0,3,0.6,0,0.2,0.0,1,1
Sangli-Miraj-Kupwad,Maharashtra,16.78659553466014,74.565607799562,21,2,1,15.192926330618295,58.2721228553591,0.6888797746048837,6.064626949587517,0.9518821233277536,998.4139294906239,0.2752381931386144,0,0,1,0,1,510.0,3,0.6,0,0.2,0.0,0,0
Sangli-Miraj-Kupwad,Maharashtra,16.918148280224642,74.49737506052212,3,4,1,30.846944972659074,66.41012341181332,24.53665197667229,12.457397386898496,0.6010700064971602,991.4694614698434,0.5502960699855531,0,0,1,0,2,510.0,3,0.6,0,0.2,0.0,1,1
Mangalore,Karnataka,12.881780381649396,74.8941948808992,21,4,10,31.646981968479565,78.90741367517867,10.72195189361575,8.728968885689035,0.8898424639325425,999.4414209546111,0.2396372824747291,0,0,1,0,1,500.0,3,0.6,1,0.0,0.0,0,0
Mangalore,Karnataka,12.948605890827324,74.7606499621034,19,2,1,30.511324958086306,70.3193556427591,25.91059352340062,7.717959377823161,0.4696629446020156,990.4884187091499,0.3354269794792114,1,0,0,0,0,500.0,3,0.6,1,0.0,0.0,1,1
Mangalore,Karnataka,12.84706893415301,74.89516611204036,9,0,3,24.01532911498757,69.9330692310472,17.197060200320312,11.408626597003352,0.886851173059902,985.460513281383,0.5442352443331404,1,0,0,0,0,500.0,3,0.6,1,0.0,0.0,0,0
Mangalore,Karnataka,12.94483680721931,74.92915981947523,10,3,9,15.469161802651712,89.24133305843347,17.79818290576236,2.834869494232314,6.006161298085946,1014.6131979051939,0.22266773367067288,0,0,1,0,1,500.0,3,0.6,1,0.0,0.0,0,0
Mangalore,Karnataka,12.969823975821088,74.76765828826676,6,2,6,15.956254968845647,69.07887648428255,16.815717120596318,1.943223355685807,2.312828666064256,1013.9756939360487,0.10178039512007038,0,0,1,0,0,500.0,3,0.6,1,0.0,0.0,0,0
Erode,Tamil Nadu,11.294466466426007,77.69627621659558,12,4,11,39.93584704075388,64.49664506002446,6.753281453103099,5.922754309665507,0.32284869706515196,980.2071643422556,0.22343524147925198,0,0,1,0,5,490.0,2,0.4,0,0.0,0.0,0,0
Erode,Tamil Nadu,11.374818396044828,77.81506297452096,2,4,5,30.632552023127527,57.62871226698202,15.30484255070089,4.854330716605403,0.15399444126380457,995.5922068539412,0.7637735586940733,0,0,0,1,2,490.0,2,0.4,0,0.0,0.0,3,2
Erode,Tamil Nadu,11.331558346720335,77.65574786758253,19,2,3,26.306434605401837,70.8196476792891,14.690734802495289,19.783920678906128,0.714237485831488,1003.1142359404322,0.506485352063701,0,0,1,0,0,490.0,2,0.4,0,0.0,0.0,0,0
Erode,Tamil Nadu,11.365524524786027,77.6726829439582,5,3,5,31.071135777597707,73.14363612846735,27.363330464844402,8.523663254599928,0.01822718476009469,990.6840553339372,0.24426087342734693,0,0,1,0,2,490.0,2,0.4,0,0.0,0.0,1,1
Erode,Tamil Nadu,11.305932120970725,77.63185267277528,4,4,8,35.22992947234588,60.24454158203726,4.002203341245033,18.710549311649295,2.9037018791836307,1011.024443781602,0.30857134738145925,0,0,0,1,0,490.0,2,0.4,0,0.0,0.0,0,0
Belgaum,Karnataka,15.943557615484616,74.55261998891379,14,6,6,40.022434007929455,87.24999540903663,33.92076552789159,2.8543830762951727,4.48119105687308,1020.0525659697711,0.5067396435418138,1,0,0,0,1,480.0,3,0.6,0,0.2,0.0,0,1
Belgaum,Karnataka,15.880015617577381,74.46194169963356,23,1,11,16.0209863578689,73.45824020263636,10.502513725035605,4.36727546526138,0.46695113300657387,989.5356025689706,0.2919727645505928,0,0,1,0,0,480.0,3,0.6,0,0.2,0.0,0,1
Belgaum,Karnataka,15.883096340470464,74.45246557507899,0,5,11,20.9066983342586,86.80658173052326,3.6867547719601887,8.350743008318082,0.3756396860238525,1012.4573529724379,0.12679138709979298,0,0,1,0,1,480.0,3,0.6,0,0.2,0.0,1,1
Belgaum,Karnataka,15.91557479150118,74.59520587287696,23,3,4,2.137708270500365,66.18331022599965,3.8215809254649336,6.004120995038308,2.171955741792127,1029.412785032187,0.22017988796148746,0,1,0,0,2,480.0,3,0.6,0,0.2,0.0,2,2
Belgaum,Karnataka,15.919138834011651,74.44538979570919,13,1,6,12.998659630604863,60.80503309199067,8.204402843686243,4.151173226552256,5.116720034002477,1007.37875410417,0.4600461465619614,0,0,0,1,1,480.0,3,0.6,0,0.2,0.0,0,0
Ambattur,Tamil Nadu,13.207209162819677,80.17170845947956,6,1,1,29.10976325573448,52.789193881444625,3.5558711421445,4.413384373525622,0.8193621992158789,1007.1949293353875,0.32622795417006145,0,1,0,0,3,470.0,3,0.6,0,0.0,0.0,1,0
Ambattur,Tamil Nadu,13.18289725618312,80.23466017185228,4,4,9,18.581269717649757,59.999977481093765,4.691262437132978,10.74216235830566,0.45877944636620765,996.0781442875541,0.22347029888646358,0,0,1,0,5,470.0,3,0.6,0,0.0,0.0,2,2
Ambattur,Tamil Nadu,13.132896586765238,80.18603176089728,23,6,10,41.987949235169374,47.05264187590658,15.44492176593863,1.9721095603773362,0.08212507014834206,1030.6858200934635,0.18024744008968926,0,1,0,0,3,470.0,3,0.6,0,0.0,0.0,2,3
Ambattur,Tamil Nadu,13.19571308863038,80.06869179366016,5,3,10,29.990919290187776,40.15209012747837,4.813897535181422,6.521812373209544,0.22294871599686242,993.8786026569654,0.05610072565859117,0,0,0,1,4,470.0,3,0.6,0,0.0,0.0,1,1
Ambattur,Tamil Nadu,13.044635163920054,80.10020010600653,9,4,12,25.67154876471767,43.5502275953696,7.048583246991745,19.00468378736249,0.15569490922208498,1028.2210004772774,0.25726829904757764,0,1,0,0,4,470.0,3,0.6,0,0.0,0.0,1,0
Tirunelveli,Tamil Nadu,8.79311823904727,77.70224238483279,1,4,10,39.83731471271753,76.91810408463576,28.134146198106322,2.6668486130291496,0.14224874541855498,986.8036673586056,0.08725729833272708,1,0,0,0,2,460.0,2,0.4,0,0.0,0.0,2,1
Tirunelveli,Tamil Nadu,8.624905036602199,77.7773466010395,1,5,1,26.641249181327634,73.2027529640348,8.193265632129906,7.622214218036376,0.31277171708391327,1023.4807803943522,0.18577689625825983,1,0,0,0,0,460.0,2,0.4,0,0.0,0.0,2,2
Tirunelveli,Tamil Nadu,8.68763340315055,77.80578252344517,1,2,6,9.439208608043142,44.53625174865412,0.2593376404073327,10.410366159024889,0.5757032898704232,995.9879640583156,0.010545850985225143,0,0,0,1,1,460.0,2,0.4,0,0.0,0.0,1,0
Tirunelveli,Tamil Nadu,8.701929468474951,77.82037902263896,7,5,8,20.4255463359852,84.84403717837696,41.619682359406305,6.354454015292456,0.7535238237651146,994.4451292878109,0.23942992311187433,0,0,1,0,4,460.0,2,0.4,0,0.0,0.0,2,2
Tirunelveli,Tamil Nadu,8.742688290766791,77.78772014311521,9,2,3,35.81949123428056,87.88635175653768,23.91331258758433,11.248059304033042,0.1528468912442443,1002.9372987215909,0.24462063760596972,0,1,0,0,0,460.0,2,0.4,0,0.0,0.0,0,0
Malegaon,Maharashtra,20.471500124807992,74.43574875128054,23,3,10,34.35200941358971,61.058378175015264,4.675783051419296,3.8819482972816806,0.029729595863552838,1021.215899024344,0.1662256428047071,0,0,0,1,1,450.0,2,0.4,0,0.2,0.0,1,1
Malegaon,Maharashtra,20.516307760738027,74.45088713540225,9,6,3,21.508214963449507,44.7116279374996,15.56097584838161,19.001087863723857,1.352652395527658,1021.5596830521682,0.06224478263994343,0,1,0,0,1,450.0,2,0.4,0,0.2,0.0,0,0
Malegaon,Maharashtra,20.486895113522955,74.55073144738336,4,3,4,25.990674456800107,75.83965756807135,4.736245870712835,9.34815676235774,1.368257765487267,990.221161874112,0.21628245950908762,0,0,1,0,0,450.0,2,0.4,0,0.2,0.0,1,0
Malegaon,Maharashtra,20.612483118839283,74.5639235029115,12,2,8,24.37099824963903,87.60163366919042,2.4556653990767776,17.12451690960387,0.28874890676513804,1018.9363966948812,0.16406515222515183,0,1,0,0,0,450.0,2,0.4,0,0.2,0.0,0,1
Malegaon,Maharashtra,20.626478368318658,74.48554836389704,9,3,3,26.25911030472803,41.43107339011647,3.8095040319517675,17.630041019362768,0.313783751050179,1020.0349938651335,0.28075580098080477,1,0,0,0,1,450.0,2,0.4,0,0.2,0.0,0,1
Gaya,Bihar,24.739042151685425,84.98765319158453,23,4,5,32.91300340311906,74.68136036781709,3.2752243516487645,12.97918507221178,0.11273220121993589,1033.4412265430706,0.285248069651222,1,0,0,0,1,440.0,3,0.6,0,0.0,0.0,1,0
Gaya,Bihar,24.70562515941184,84.96061479528466,2,1,8,32.10308768805039,59.65534005792422,2.7535855347669367,19.028384717862963,5.917029974179636,1029.4425322556972,0.33674668066770086,0,1,0,0,0,440.0,3,0.6,0,0.0,0.0,1,1
Gaya,Bihar,24.838336024449482,84.96413839715973,16,1,12,20.31131372822667,54.117670049565234,28.435242302504605,18.0496677708518,0.09426476493409632,998.5820946105597,0.3722045016907868,0,1,0,0,2,440.0,3,0.6,0,0.0,0.0,1,0
Gaya,Bihar,24.764586017685073,84.95505450826313,0,4,7,38.98171300892942,44.446339181178345,0.4458597751272647,5.3967681688810805,1.8745535677749499,1036.1426196121386,0.024215237577414644,0,0,1,0,3,440.0,3,0.6,0,0.0,0.0,2,2
Gaya,Bihar,24.73523058519421,84.98474570902306,3,1,12,11.121416959950315,87.19057961073523,3.7023682904007242,16.165145217492807,0.0571601960351644,990.4489007823194,0.5207693723571131,0,1,0,0,3,440.0,3,0.6,0,0.0,0.0,1,1
Jalgaon,Maharashtra,20.996936070835208,75.48081969907368,2,6,11,16.465585492659407,68.77881267962785,5.508917539059367,10.31218766455386,0.09992509096363633,1001.4278593909819,0.1837217868032905,0,1,0,0,2,430.0,2,0.4,0,0.0,0.0,1,1
Jalgaon,Maharashtra,20.92810489123738,75.61789055642771,12,0,8,36.414594301481266,52.04164052332132,1.7959581709906622,1.0951004282334313,2.156399323681214,992.1505363596722,0.17688432729987832,0,1,0,0,0,430.0,2,0.4,0,0.0,0.0,0,0
Jalgaon,Maharashtra,20.978139644901173,75.47447455110937,8,0,6,40.0990487210998,71.26035381439041,8.587789288917444,4.051763506209321,0.27734501780140797,994.1785256262544,0.2390027059302646,0,0,1,0,5,430.0,2,0.4,0,0.0,0.0,0,0
Jalgaon,Maharashtra,20.93599555547606,75.62951180208017,19,5,12,36.055675988513066,68.84985032371732,12.11424500836823,19.30985188063622,1.003351314921226,1004.004966771062,0.08775556714710196,0,1,0,0,1,430.0,2,0.4,0,0.0,0.0,0,0
Jalgaon,Maharashtra,21.087969360662704,75.5512240024082,6,3,10,23.715949259878492,52.85170426797859,19.28166469615048,11.591444762999851,0.11914707991785553,1027.553323828577,0.5461765972045253,0,0,1,0,5,430.0,2,0.4,0,0.0,0.0,0,0
Udaipur,Rajasthan,24.652901798904523,73.6204173974025,21,6,10,10.844298872293912,73.08251176012743,3.5563449796509223,11.062144279370523,0.12269586648203444,1020.6271822508471,0.45463422930380554,0,1,0,0,1,420.0,2,0.4,0,0.0,0.0,0,0
Udaipur,Rajasthan,24.58360455606984,73.72935660068056,19,6,10,30.9405760571086,71.92940577981908,28.610708806350907,15.537449701762547,0.1767196762797515,987.8345590025323,0.21499091509667875,0,0,0,1,0,420.0,2,0.4,0,0.0,0.0,1,0
Udaipur,Rajasthan,24.55609505821782,73.77017174741967,16,4,8,11.705365600640445,57.80407317222214,9.804304279410164,12.13238775381553,1.406404832583289,988.213179110064,0.19785330961346378,0,0,0,1,4,420.0,2,0.4,0,0.0,0.0,0,0
Udaipur,Rajasthan,24.656227364566497,73.71275958851969,13,4,11,37.80864571198753,57.68893692380874,3.5857529431453283,12.560584659651136,0.039164121978912975,981.0918970533305,0.3041673499151712,1,0,0,0,4,420.0,2,0.4,0,0.0,0.0,1,1
Udaipur,Rajasthan,24.486059704525523,73.80227771789735,22,2,2,25.213301866880713,55.35216224292547,11.785277936686997,3.5171752294894,0.591864279568831,988.1131392455543,0.011067926376338966,1,0,0,0,0,420.0,2,0.4,0,0.0,0.0,1,1
Maheshtala,West Bengal,22.54638745272428,88.15919066502535,12,6,11,17.387338086734978,63.69352452480112,0.5918540661791268,1.064335309548572,0.11720942261341158,1021.6713151198074,0.09775999223411498,0,0,0,1,0,410.0,3,0.6,0,0.0,0.0,1,0
Maheshtala,West Bengal,22.410443207535685,88.19866152037258,3,3,1,31.6782780021487,68.93016744715459,3.5476735505272283,4.768735551153433,0.8631963029324159,1016.4155395472172,0.15909658337891602,0,0,1,0,0,410.0,3,0.6,0,0.0,0.0,1,1
Maheshtala,West Bengal,22.590157342326926,88.31400594620676,13,0,5,40.45960728950258,46.00144638486497,8.557549450642828,2.0926291706046776,0.021995640294954565,1034.1243350609247,0.15279650422476768,0,0,1,0,1,410.0,3,0.6,0,0.0,0.0,0,0
Maheshtala,West Bengal,22.452787994752246,88.31633847906656,14,1,10,39.25839849588644,69.98287544518116,2.872750404598893,15.66180937332833,0.40245430061224113,1010.0366757510874,0.1193855640571666,0,0,1,0,0,410.0,3,0.6,0,0.0,0.0,0,0
Maheshtala,West Bengal,22.593714789796618,88.19211914546717,23,0,11,31.179525928546695,59.65154953221671,5.7532836013120505,19.46881781607869,0.47696902784591094,994.7278961116755,0.2550480771594245,0,1,0,0,1,410.0,3,0.6,0,0.0,0.0,1,0
Davanagere,Karnataka,14.539770795435386,75.94955377814955,4,5,1,40.07137471285273,58.67962343212869,1.3743525933979661,18.384229441243107,1.1214542886946552,1000.407569108277,0.2569829789255887,0,0,1,0,1,400.0,2,0.4,0,0.0,0.0,1,0
Davanagere,Karnataka,14.39752499098733,75.82344024303983,19,0,12,13.221745719264623,83.5307035247558,6.309471517962377,18.459959482687665,0.39002605968654386,971.2846783544156,0.46507550824513144,0,0,1,0,0,400.0,2,0.4,0,0.0,0.0,0,0
Davanagere,Karnataka,14.517108952347654,75.98734784089434,12,6,2,30.845482489577204,75.62003573677845,3.6017488383116114,17.71977043312238,0.010551094107240684,997.8645520544819,0.2855753516378017,0,1,0,0,0,400.0,2,0.4,0,0.0,0.0,1,1
Davanagere,Karnataka,14.432516543682732,75.94547643090725,4,2,11,24.576371356974924,81.94539909981961,31.64680363273124,4.490550077616511,0.1653810953530191,1029.7857324260044,0.29942178235552264,1,0,0,0,1,400.0,2,0.4,0,0.0,0.0,0,1
Davanagere,Karnataka,14.469161769974203,75.84869278315976,16,6,8,34.618837790488485,79.38533130613258,3.6115049120276534,4.875911310561735,0.8353415400078017,1014.1713937201046,0.16973059001505897,0,0,1,0,0,400.0,2,0.4,0,0.0,0.0,0,0
Kozhikode,Kerala,11.16064087376824,75.87693454128184,18,3,5,31.834079104209465,48.050686021124775,26.256016680797153,7.9821747579167415,0.09220500598299007,1016.2279271222118,0.18014494383214438,0,1,0,0,1,390.0,3,0.6,1,0.0,0.0,0,1
Kozhikode,Kerala,11.249493280222689,75.73962700876257,17,4,8,30.355904681479114,45.82012376718303,8.936265731438727,6.482058926326483,0.7464280611225017,993.9412325697717,0.09151999464083405,0,1,0,0,1,390.0,3,0.6,1,0.0,0.0,0,0
Kozhikode,Kerala,11.302080396466641,75.82665871571413,1,2,2,32.61535210857319,41.97697442373942,4.675319250359681,19.632955435036806,0.38272157062718254,1026.3902310268672,0.06906483571538728,0,0,0,1,2,390.0,3,0.6,1,0.0,0.0,1,1
Kozhikode,Kerala,11.287175561149885,75.79379007407317,12,0,12,30.901918957529357,50.0095419686847,25.29778780129037,9.306174215693462,0.04383157587651626,1010.306163795547,0.18049450938067357,0,1,0,0,3,390.0,3,0.6,1,0.0,0.0,1,0
Kozhikode,Kerala,11.355245341173493,75.75135670688111,7,0,11,36.34496719278968,76.11793587649406,4.910499922273727,16.305905257215308,0.3986505651816896,1012.8343931243423,0.2201473752272992,0,0,1,0,0,390.0,3,0.6,1,0.0,0.0,1,0
Kurnool,Andhra Pradesh,15.903013338445245,77.98852884784054,7,1,2,30.45319804830155,60.423887704887264,4.631564652805735,15.654204923052404,0.5630493199926474,991.4312933150819,0.25767352218063405,1,0,0,0,0,380.0,2,0.4,0,0.0,0.0,0,0
Kurnool,Andhra Pradesh,15.770645891740763,77.99640705843714,4,1,9,27.04452460626386,54.402832508318625,2.033240947907677,14.163748733104743,0.54933502793966,1004.6108279531493,0.2527331251003299,0,0,0,1,0,380.0,2,0.4,0,0.0,0.0,0,2
Kurnool,Andhra Pradesh,15.825384886013275,77.94293970953947,17,6,6,26.58168939523444,51.02036585656358,13.789721220135549,4.5185709944569155,2.13722739426794,1017.2228475962975,0.30016806135031404,0,0,0,1,0,380.0,2,0.4,0,0.0,0.0,0,1
Kurnool,Andhra Pradesh,15.886243788248782,78.07277574741634,1,4,8,8.374548427266689,47.13303677187714,6.599533910856126,18.290473841295945,1.3964917211188819,1007.139475432601,0.5800490381901624,0,0,0,1,0,380.0,2,0.4,0,0.0,0.0,1,1
Kurnool,Andhra Pradesh,15.74501531422507,78.1344034577348,1,5,3,42.72428495356813,66.56872339468984,8.113690280187756,6.922024137414499,0.16135305041943246,1018.9249784984221,0.39998893945965824,0,0,1,0,4,380.0,2,0.4,0,0.0,0.0,2,2
Rajpur Sonarpur,West Bengal,22.357495316194466,88.45849221821575,16,4,11,23.62882728063334,74.95434781347728,8.133526514228354,5.512077249092048,0.09679516728359462,1041.5628726100506,0.09403117761270839,1,0,0,0,0,370.0,3,0.6,0,0.0,0.0,0,0
Rajpur Sonarpur,West Bengal,22.425186839058302,88.46538481379007,4,0,6,28.37920464873463,50.44703853843016,1.1253138454726017,13.7988940703082,1.0115697261868877,1018.4562034895316,0.4437112185887303,0,1,0,0,1,370.0,3,0.6,0,0.0,0.0,1,1
Rajpur Sonarpur,West Bengal,22.504077741905327,88.31976783512751,15,1,10,38.06242453650881,46.13082031992032,16.03224265388515,6.769048243912274,0.9875868626537118,1010.7005209888592,0.441778225627705,0,0,1,0,1,370.0,3,0.6,0,0.0,0.0,0,0
Rajpur Sonarpur,West Bengal,22.406251769093533,88.42074708709816,5,5,1,25.323955537067558,78.96514803008608,17.458915595029666,15.961279000020888,0.14592724635401239,1002.9192137878663,0.7451775375467592,0,0,0,1,1,370.0,3,0.6,0,0.0,0.0,2,1
Rajpur Sonarpur,West Bengal,22.488561887373756,88.36582826569312,14,1,10,28.03267648244785,49.63965815273565,12.696676777187893,8.324077828881848,0.3453424197106435,1014.9026320797988,0.2725031944194055,0,0,1,0,5,370.0,3,0.6,0,0.0,0.0,0,0
Rajahmundry,Andhra Pradesh,16.91336352095099,81.76539879202045,18,6,4,41.11155624812003,82.74162037003988,10.655757093611003,9.722420041389697,0.30602160427809155,1003.9593440378544,0.2573235414727539,0,0,1,0,0,360.0,2,0.4,0,0.0,0.0,0,1
Rajahmundry,Andhra Pradesh,16.983877538509745,81.73949432239469,18,0,1,26.962232367800784,61.58845898393676,1.7286692757255404,17.28190710553996,0.03602142011878348,1016.2962462112853,0.7613438251436386,0,0,1,0,2,360.0,2,0.4,0,0.0,0.0,2,1
Rajahmundry,Andhra Pradesh,17.038880439028635,81.89822551063617,14,5,8,23.515452686018293,86.5310502864309,5.614598720038636,3.0551624159524327,2.6473073674050376,1014.7239605599517,0.1262671132124605,0,0,1,0,0,360.0,2,0.4,0,0.0,0.0,0,0
Rajahmundry,Andhra Pradesh,16.977407241627787,81.87106214384319,6,4,6,27.950457345708443,65.37609258681078,24.26778638304608,5.6643533605907725,1.7386895735632781,1018.9124494654268,0.15787685316993785,0,1,0,0,1,360.0,2,0.4,0,0.0,0.0,0,0
Rajahmundry,Andhra Pradesh,17.042970471462702,81.81786685439228,2,1,5,21.105384416863885,64.10572992565838,3.5718870802508844,4.2312020955205005,0.3258436021782222,1003.422191682293,0.4528778978745736,0,0,1,0,4,360.0,2,0.4,0,0.0,0.0,2,1
Bokaro Steel City,Jharkhand,23.65020688765702,86.12312522769408,9,4,6,20.6259282118144,68.00796085850382,4.35863252907984,16.940703959076384,3.9493100715033096,1018.1130727758848,0.349396736654762,0,1,0,0,2,350.0,3,0.6,0,0.0,0.0,1,1
Bokaro Steel City,Jharkhand,23.617711103000453,86.17385625963942,6,1,7,23.899178519891027,56.60796355476227,4.291420981803597,5.695955208330065,0.7054512479137767,1003.4203429556168,0.6482198279161376,0,0,1,0,2,350.0,3,0.6,0,0.0,0.0,1,1
Bokaro Steel City,Jharkhand,23.763023183231073,86.1324618321362,8,4,10,12.767957984542267,70.93456869498604,0.17225960430089896,9.211513394122791,0.32406027916860597,1009.7099049783391,0.523409145574333,0,0,1,0,0,350.0,3,0.6,0,0.0,0.0,0,1
Bokaro Steel City,Jharkhand,23.578410737181798,86.1867380270139,10,4,4,30.311841138796662,72.22824642729822,13.15064145169385,17.700235100481407,0.560333717567261,1032.335100344756,0.3756252266679369,0,0,1,0,2,350.0,3,0.6,0,0.0,0.0,0,1
Bokaro Steel City,Jharkhand,23.69219570700469,86.18177125869332,21,5,11,22.85541093555809,66.68518349552761,11.103466677660611,5.3784308661544316,0.05798389487622933,995.4477598624967,0.13445271397289787,1,0,0,0,2,350.0,3,0.6,0,0.0,0.0,1,1
South Dumdum,West Bengal,22.540256762813346,88.43392345075398,13,6,1,40.144727683210796,51.56215719473995,4.395058900809678,15.001730432090937,0.13494707749730378,995.9726622224567,0.22547246985019517,0,1,0,0,1,340.0,3,0.6,0,0.0,0.0,0,0
South Dumdum,West Bengal,22.517590843760154,88.3379103059333,20,3,11,34.19751618328891,53.29600096858227,17.26616141284338,15.800213284696312,1.1611867622907868,982.1009240740509,0.3423466112606178,0,0,1,0,0,340.0,3,0.6,0,0.0,0.0,0,0
South Dumdum,West Bengal,22.561473845886667,88.3352487979123,5,5,4,35.463887401094375,69.81320084265612,3.4464544014873155,19.33317465251545,0.9431432090160052,999.5050647807866,0.605340070148793,0,1,0,0,0,340.0,3,0.6,0,0.0,0.0,1,1
South Dumdum,West Bengal,22.58447300060384,88.3103214789829,1,6,2,19.70855571571589,55.69724921899017,1.4855696429323995,5.659662072621302,0.1913885956964076,1032.6170895646048,0.22317339567156674,0,0,1,0,2,340.0,3,0.6,0,0.0,0.0,2,2
South Dumdum,West Bengal,22.64858044118487,88.4373763711174,11,3,4,17.42400856271727,77.08764294649009,6.564075696453595,12.321972518032785,0.8294932817547234,1011.1758649807477,0.341318056798747,0,0,1,0,2,340.0,3,0.6,0,0.0,0.0,0,0
Bellary,Karnataka,15.15216596690554,76.89903345617738,16,5,7,23.89395255894421,69.06555938935904,4.916622408962249,19.620779202374216,0.7098149446336004,1011.6189901958899,0.403996160387965,1,0,0,0,0,330.0,2,0.4,0,0.0,0.0,0,0
Bellary,Karnataka,15.055680295796192,76.84093601247967,17,5,3,32.47943338539082,51.60436007771817,1.2333435325622595,10.279024875046847,0.1447697931696852,1004.1914791365155,0.20040009703260656,0,0,0,1,1,330.0,2,0.4,0,0.0,0.0,1,0
Bellary,Karnataka,15.225191664345754,76.96315621974374,8,4,10,24.594156876255866,56.81362287194139,2.6660456259180094,3.9608228330578648,0.44902244157013615,990.4863469055739,0.33258252962926327,0,0,1,0,1,330.0,2,0.4,0,0.0,0.0,0,0
Bellary,Karnataka,15.224308997740991,77.00437135866466,6,4,4,15.19161195747629,61.85526625671139,1.422531590813367,13.846136286349875,0.15461653133943112,1004.0388126178669,0.2780928000377886,0,1,0,0,0,330.0,2,0.4,0,0.0,0.0,0,0
Bellary,Karnataka,15.055174177578468,76.94363827253254,11,6,2,31.579935716795916,52.44595409454391,5.823492988744098,16.743907283794208,0.09295277102152742,988.8042414334461,0.022087415033376114,0,1,0,0,2,330.0,2,0.4,0,0.0,0.0,0,0
Patiala,Punjab,30.24187779751878,76.35234123407037,3,6,8,36.749713348255476,40.85479107950485,6.402152565793207,13.555168118158216,1.5438584582668273,1000.9193505121813,0.2634868745670719,1,0,0,0,0,320.0,3,0.6,0,0.3,0.0,1,1
Patiala,Punjab,30.406484525725524,76.37349974914034,6,5,4,37.07659234160781,65.44960493927229,8.391694354782516,10.447485940666278,0.6047927605703741,983.2351570704897,0.37097543357163454,0,0,0,1,0,320.0,3,0.6,0,0.3,0.0,1,1
Patiala,Punjab,30.275497265713753,76.3250154174573,21,0,4,20.138410493570664,76.6361618802004,40.04497764089044,2.377445266508142,0.4691690027802973,997.2036425275013,0.6613937188183838,0,0,0,1,1,320.0,3,0.6,0,0.3,0.0,0,0
Patiala,Punjab,30.394433410274647,76.45117297831956,23,4,10,41.092209532769076,78.19496858900112,8.47761430470422,18.23178679176487,2.7203656267078133,1001.8128185486945,0.5247601965458956,0,1,0,0,0,320.0,3,0.6,0,0.3,0.0,0,0
Patiala,Punjab,30.43611262187901,76.3219018173796,5,0,4,23.699662134656066,45.72546455252764,2.0318508836617597,6.981631472557653,0.6259358504233855,1009.8916928200076,0.1148548653195728,0,0,1,0,0,320.0,3,0.6,0,0.3,0.0,1,1
Gopalpur,Odisha,19.33254490728158,84.84330530108058,22,4,7,38.00402359342162,41.15205596607892,12.081480540148451,12.714494251732583,0.03855840593618372,1012.6713219087742,0.10677323428390381,0,1,0,0,1,310.0,3,0.6,1,0.1,1.0,1,1
Gopalpur,Odisha,19.31610407138631,84.95691869022549,14,0,2,23.734279542204337,70.37092788974734,2.6714795682812653,18.227901374146338,0.3882804877183929,1019.4070631094834,0.32977179292541436,0,0,0,1,0,310.0,3,0.6,1,0.1,1.0,1,0
Gopalpur,Odisha,19.291923928606234,84.93335218921666,9,5,9,30.086400447888916,81.15271265443604,10.836463190507896,11.725381986076634,1.0451671392954194,1066.1734461994458,0.02743029571415639,1,0,0,0,2,310.0,3,0.6,1,0.1,1.0,2,2
Gopalpur,Odisha,19.337268360790784,84.81953210163476,15,0,5,17.39270827942672,80.00433595233773,18.340703209901285,1.0851593871572855,0.7578821605294719,1013.2782240968091,0.21415938107072988,0,1,0,0,1,310.0,3,0.6,1,0.1,1.0,1,1
Gopalpur,Odisha,19.25568412470108,84.96227596901721,9,3,6,27.723247462597822,84.8789667650727,8.131035481499833,2.418813899530178,3.437878857635696,973.8893239727457,0.4264017885541294,0,0,0,1,1,310.0,3,0.6,1,0.1,1.0,0,0
Agartala,Tripura,23.784294708086428,91.26372669210016,15,0,1,37.82384529809141,49.87224601657993,5.734419561912635,18.850040293099973,0.447144492258557,1021.0575634362477,0.16890834428757634,0,0,1,0,1,300.0,5,1.0,0,0.2,0.0,0,0
Agartala,Tripura,23.8076191773899,91.19859376354373,20,2,1,38.46154128723554,54.108294626702786,36.56395330723262,6.556743911054523,0.4628103734539684,1020.4877392523807,0.21433004935399821,0,0,0,1,0,300.0,5,1.0,0,0.2,0.0,0,0
Agartala,Tripura,23.805567379939024,91.29553760700809,13,0,5,42.50619688448191,76.30022928504576,3.889608493758491,1.9411391306927728,0.8024487060077433,1013.3565285879331,0.36380646258318244,0,0,0,1,0,300.0,5,1.0,0,0.2,0.0,0,1
Agartala,Tripura,23.828982187821875,91.2971682969741,9,6,6,31.691008247917463,74.49350536689809,2.020781464373308,19.018458965652158,3.2308900055848806,970.2764457619005,0.21859725830490878,0,0,0,1,2,300.0,5,1.0,0,0.2,0.0,1,1
Agartala,Tripura,23.77599329758848,91.23440634375903,16,1,2,32.388649419756455,69.60796304532508,4.57437839971845,16.820083137872366,0.2886098204649503,1006.4600217881896,0.1146533991197353,0,0,1,0,1,300.0,5,1.0,0,0.2,0.0,0,1
Bhagalpur,Bihar,25.326910749352358,87.08305470315509,11,3,11,34.983219605619254,62.39560605139022,17.23333054194388,5.307978960725666,0.3606513905429876,1003.007032883192,0.13741959434433532,0,1,0,0,0,290.0,3,0.6,0,0.0,0.0,0,0
Bhagalpur,Bihar,25.253716252415394,86.93961829377598,18,4,5,26.828891567187704,73.89492833088465,10.157751505658519,13.077647805092358,1.1678199848394593,1012.843362363872,0.206974200285713,0,0,0,1,0,290.0,3,0.6,0,0.0,0.0,0,1
Bhagalpur,Bihar,25.23270696876928,87.02030029918825,7,0,3,28.989543706138342,55.44514195420956,2.3955638797215135,6.585225362639059,0.8108745367518703,996.0847762686577,0.07239431011305118,0,0,0,1,3,290.0,3,0.6,0,0.0,0.0,0,0
Bhagalpur,Bihar,25.23530347913444,87.0345032780122,6,5,8,18.36167530564896,55.59134585967938,8.837289360497731,16.98006356452573,3.594647474882303,1020.2364006632124,0.1742803662128974,0,1,0,0,1,290.0,3,0.6,0,0.0,0.0,0,0
Bhagalpur,Bihar,25.173935210051216,87.02039708389343,14,4,12,36.84390644078549,75.4631422603955,2.74621871734884,14.727937621885328,0.4124528287535294,1014.6139118700154,0.306558741028357,0,0,1,0,2,290.0,3,0.6,0,0.0,0.0,0,0
Muzaffarnagar,Uttar Pradesh,29.534906367120133,77.70484537986488,3,5,3,27.60479153371314,55.57563715901694,6.428648038760515,15.809320676835554,0.7804791508060058,1006.4390072690428,0.11966352920124365,1,0,0,0,1,280.0,3,0.6,0,0.3,0.0,1,1
Muzaffarnagar,Uttar Pradesh,29.501672012562267,77.78059165527331,6,5,1,33.568040468124046,87.08383618138112,1.9348564694068857,1.7874645843759167,0.4328012308844346,989.9741770886491,0.13554189196993302,0,1,0,0,0,280.0,3,0.6,0,0.3,0.0,1,0
Muzaffarnagar,Uttar Pradesh,29.41303060394022,77.67408017083369,9,3,5,33.971212839238724,77.8712217310727,20.098449362415195,16.73408676337135,1.7075146970817192,993.1815389442438,0.506315609107891,0,0,1,0,3,280.0,3,0.6,0,0.3,0.0,1,1
Muzaffarnagar,Uttar Pradesh,29.545547734020726,77.7556027959192,7,0,4,28.666570328188783,68.72426785460655,7.058586012561369,5.753484155568514,0.1387200072946759,984.7920597387914,0.07187558788631748,0,0,1,0,0,280.0,3,0.6,0,0.3,0.0,0,0
Muzaffarnagar,Uttar Pradesh,29.460894452072473,77.7091845148597,9,4,12,8.934690827603266,56.25627632932025,1.8440523566217313,2.5696292328786363,0.04476676832707318,1015.1851078102218,0.542955427497083,0,0,0,1,1,280.0,3,0.6,0,0.3,0.0,0,0
Bhatpara,West Bengal,22.769978279164437,88.36357096345792,19,1,4,27.559193271761867,81.11114696739494,16.380148114395343,10.873036416720495,0.20933159801617007,1008.5778807093311,0.17489100563995,1,0,0,0,2,270.0,3,0.6,0,0.0,0.0,1,0
Bhatpara,West Bengal,22.94095674086079,88.4590814491311,10,5,2,32.95580599976845,71.27823967275877,10.049843040427813,9.350459115988837,0.09682727515853119,1017.4917093715076,0.22495751314234982,0,0,0,1,1,270.0,3,0.6,0,0.0,0.0,0,0
Bhatpara,West Bengal,22.922944791447286,88.3173414306829,13,6,6,20.76791822403552,50.31325716634982,10.050691405375096,11.940612148867762,1.2663457511243792,1006.1234813136781,0.014772433166065616,0,1,0,0,0,270.0,3,0.6,0,0.0,0.0,1,1
Bhatpara,West Bengal,22.784352185146712,88.46492772117121,8,4,6,39.29246399493156,85.1167317075935,14.098762515402703,8.868277839099544,3.2520569856270933,989.5292089975804,0.3120439845374139,1,0,0,0,1,270.0,3,0.6,0,0.0,0.0,0,0
Bhatpara,West Bengal,22.94793446842342,88.32565175567326,4,0,5,14.073743320405137,49.385500500220566,5.192574017515677,16.916564709385142,0.14421661664894797,1005.6928503402817,0.4683505585501334,1,0,0,0,1,270.0,3,0.6,0,0.0,0.0,1,1
Panihati,West Bengal,22.71089610753919,88.30027045471913,17,4,11,24.694996570292528,88.53349013246651,5.272672379807836,2.302504164298267,0.2835705677542364,1017.8140533402762,0.3759721862248706,0,1,0,0,0,260.0,3,0.6,0,0.0,0.0,0,0
Panihati,West Bengal,22.681820096745604,88.32034619883503,19,2,3,23.642689473456734,61.03584865287978,47.614493521033225,15.182052612924682,0.8938253220742655,987.2116009962023,0.3650735217014765,1,0,0,0,1,260.0,3,0.6,0,0.0,0.0,0,0
Panihati,West Bengal,22.70374923085438,88.37921712219634,3,4,7,32.59680184892446,66.08488337539545,7.800870620831029,7.014472013306927,0.3587964839240738,1003.4917469971494,0.23665858935787273,0,0,0,1,0,260.0,3,0.6,0,0.0,0.0,1,1
Panihati,West Bengal,22.656707109444632,88.43772331501818,20,3,11,32.76656719182478,56.1037127916282,8.476681712310697,1.3594558109941461,0.6173219784841197,1029.0452874377036,0.4204429728881686,0,1,0,0,1,260.0,3,0.6,0,0.0,0.0,0,0
Panihati,West Bengal,22.629554121031223,88.47144163875122,23,4,8,11.246291662640377,46.344305578008935,4.165057664964672,18.223363999439144,0.3776198745742759,1032.419015185057,0.1414289461368224,0,0,1,0,1,260.0,3,0.6,0,0.0,0.0,0,0
Latur,Maharashtra,18.35363947827312,76.64520921492445,8,4,2,29.479622048671068,69.79637116741425,0.7738364088411223,8.955961792215646,0.19110287307142867,1013.7315409442258,0.13193322073146127,0,1,0,0,0,250.0,2,0.4,0,0.0,0.0,0,1
Latur,Maharashtra,18.490382427954714,76.65867032903078,19,1,3,33.21345679625337,79.02157783680681,3.493513489371392,13.618188242528364,0.5948980897701425,1026.2911415930764,0.5584481344592184,0,0,1,0,1,250.0,2,0.4,0,0.0,0.0,0,0
Latur,Maharashtra,18.43756529253488,76.65627566642118,18,3,1,21.807882680928568,64.29474867343575,9.413307217116868,5.205619276717893,0.036463909765972385,984.8918813978831,0.22266810201799148,0,1,0,0,0,250.0,2,0.4,0,0.0,0.0,0,0
Latur,Maharashtra,18.497766429861507,76.6024242184524,6,4,6,41.78004978985611,76.45740334954885,19.78765121366957,15.584890973261205,6.26182790198807,1008.2047217431056,0.3792643779644947,0,1,0,0,2,250.0,2,0.4,0,0.0,0.0,0,0
Latur,Maharashtra,18.38129799122549,76.48639476708837,9,3,12,32.76672086002801,55.33320030265035,11.768025484793203,9.666293013147834,0.1350784848871081,1025.0192084192731,0.2530125328455701,0,1,0,0,2,250.0,2,0.4,0,0.0,0.0,1,0
Dhule,Maharashtra,20.825581587945504,74.69839173216681,11,1,1,23.097697350030327,41.41529115336749,52.13583723674204,1.5625831496237317,0.7208516960989798,1015.640451224424,0.2077560890986528,0,1,0,0,1,240.0,2,0.4,0,0.2,0.0,0,0
Dhule,Maharashtra,20.85651104387024,74.71826038000555,6,2,4,33.386834353475805,80.44192139976495,10.816328530081321,12.64989844637468,0.22010921609815168,1014.8187483653179,0.17133954228584977,0,0,0,1,2,240.0,2,0.4,0,0.2,0.0,1,0
Dhule,Maharashtra,20.8969750022296,74.69035672127691,20,2,4,39.51753782858408,65.0479626260231,1.8179777023841308,18.427122393143232,0.5913002534839024,994.853304392544,0.14705827374430144,1,0,0,0,2,240.0,2,0.4,0,0.2,0.0,1,2
Dhule,Maharashtra,20.913791574882723,74.70529563800926,6,1,4,32.659390294694944,71.65509459725351,1.970858287680635,13.859737214008778,0.6002436338262137,999.5715417817961,0.006397819049068358,0,0,1,0,3,240.0,2,0.4,0,0.2,0.0,0,0
Dhule,Maharashtra,20.91597347210493,74.68841272636108,4,5,7,32.257825939063885,50.74948455317754,2.435472985561052,18.395870541717773,0.44649950230405255,996.1818929734304,0.3061952995785302,0,0,0,1,3,240.0,2,0.4,0,0.2,0.0,2,1
Rohtak,Haryana,28.93345058676401,76.64030236760112,21,5,7,45.57806813365235,87.66213790113167,7.207660735721978,9.61429883134771,3.612377632892316,1028.9950564730395,0.2900586132947253,1,0,0,0,0,230.0,4,0.8,0,0.3,0.0,1,1
Rohtak,Haryana,28.88913454177002,76.69586972272354,19,5,9,31.61725469324748,58.630515444679375,10.733447094388126,8.633998517196314,1.9464640709276704,990.0303301131801,0.10474962447350926,0,0,1,0,0,230.0,4,0.8,0,0.3,0.0,0,1
Rohtak,Haryana,28.991781795655307,76.59065929137431,6,1,1,23.57785420059714,65.54865718039225,24.48236902072873,1.2471502662057299,0.736335230790742,1017.5207554661475,0.1255015426942752,0,1,0,0,1,230.0,4,0.8,0,0.3,0.0,0,0
Rohtak,Haryana,28.93513021906648,76.53952536310432,8,3,1,22.47233996827894,55.43093956482973,4.969214026238007,1.0485014077684336,0.01379019327636947,998.600724207885,0.2998689885015956,0,0,0,1,1,230.0,4,0.8,0,0.3,0.0,0,0
Rohtak,Haryana,28.906649959578765,76.62535162113399,10,0,10,25.960554047591614,55.69998966247562,45.89161155406191,12.150255821504611,0.3668741538747673,1022.5527494669113,0.05040792763254276,0,1,0,0,0,230.0,4,0.8,0,0.3,0.0,0,0
Korba,Chhattisgarh,22.409011394283745,82.68402386515126,4,6,2,16.05588537887306,60.00717569800982,3.799810334874377,14.980061049833331,0.06523165472264345,1002.5288510944466,0.13139760164957406,0,0,0,1,3,220.0,2,0.4,0,0.2,0.0,2,2
Korba,Chhattisgarh,22.359394371677492,82.81001165964976,17,1,7,32.101596858540496,83.53650440261484,0.11770759387333035,4.2676020871297755,4.500551890233745,995.8792222123952,0.23626159358726065,0,1,0,0,2,220.0,2,0.4,0,0.2,0.0,0,0
Korba,Chhattisgarh,22.340285993044727,82.81159823588477,2,0,3,30.407407760673117,82.35925843095433,3.25664920053651,8.188572170542905,0.8034769382243595,1005.2083467212667,0.07043751635010014,0,0,0,1,0,220.0,2,0.4,0,0.2,0.0,0,0
Korba,Chhattisgarh,22.330857424983673,82.66606488906493,17,1,2,20.37790491781351,51.52173797268256,12.595459255858465,19.93090882215156,0.0072062807115559815,1012.6795261684642,0.3063322288343952,0,1,0,0,0,220.0,2,0.4,0,0.2,0.0,0,0
Korba,Chhattisgarh,22.27181150597277,82.83840451407742,22,4,10,35.38836923039898,84.05477232503006,10.40664016307295,1.0728785343343357,0.08304471345632071,1001.6242108936552,0.10871380367537174,0,0,1,0,1,220.0,2,0.4,0,0.2,0.0,0,1
Bhilwara,Rajasthan,25.40024617019594,74.68717093779746,14,5,9,33.592706919738525,77.30329985913383,1.5558060883318923,7.279093137719923,1.0699369089326989,1040.7147253182563,0.1433899679648587,0,1,0,0,2,210.0,2,0.4,0,0.0,0.0,2,1
Bhilwara,Rajasthan,25.260374507746292,74.67847472607399,15,1,5,23.66697561961147,76.54301658825737,4.031378878474149,1.434741389021423,0.15517227867460737,1018.1733994887027,0.3902244485454081,0,0,0,1,0,210.0,2,0.4,0,0.0,0.0,0,0
Bhilwara,Rajasthan,25.354727362162517,74.68937378552764,14,4,3,30.913560977344492,88.48273270119884,33.98212651161429,13.004937322171497,1.1085475169116221,998.1859822172528,0.31104480563802356,0,0,1,0,2,210.0,2,0.4,0,0.0,0.0,0,0
Bhilwara,Rajasthan,25.379894207151157,74.71908200770808,16,2,12,22.46510367281828,87.6109637806635,0.23055455662752555,9.926221270268472,0.5755645386516941,982.8975868751612,0.49255785405207114,0,0,0,1,2,210.0,2,0.4,0,0.0,0.0,0,0
Bhilwara,Rajasthan,25.431097763018375,74.63294898523516,11,0,10,25.166161847795497,47.56001681853458,2.151462165076883,15.570296352361611,0.8594747696905513,1010.5772466195924,0.014138299645497019,0,0,1,0,2,210.0,2,0.4,0,0.0,0.0,1,0
Brahmapur,Odisha,19.38546928321867,84.76771017797374,16,6,10,30.631175999937792,49.99639264538557,8.522661689873384,13.864147954693447,0.21543484191575843,994.5418017733476,0.3715517303087887,0,0,0,1,4,200.0,3,0.6,1,0.3,0.3333333333333333,2,2
Brahmapur,Odisha,19.336241208540354,84.75500170331698,0,1,8,30.293826806799405,49.82309032932723,0.13787366238977994,5.388272578808853,0.5435899057118566,1011.4379466013576,0.27791591804446425,0,0,0,1,2,200.0,3,0.6,1,0.3,0.3333333333333333,3,3
Brahmapur,Odisha,19.31078303420183,84.89018751458869,2,4,9,37.597821785967334,78.93974010845943,3.1100138214361888,11.369104779286843,2.7938998579932686,998.7460964289485,0.40794395332809263,1,0,0,0,2,200.0,3,0.6,1,0.3,0.3333333333333333,3,2
Brahmapur,Odisha,19.260282012221616,84.74885536059263,7,0,7,18.004371475796894,74.99170324540222,17.247474063529918,12.454657576919713,2.234450548041693,1007.3366104487021,0.5698205457300609,0,0,1,0,1,200.0,3,0.6,1,0.3,0.3333333333333333,1,0
Brahmapur,Odisha,19.40752582683768,84.77711070846664,5,0,12,26.722152781750573,71.2902732573057,23.88204107029624,2.300128452287218,0.8394052121130301,991.6618182039492,0.5580030589817009,1,0,0,0,0,200.0,3,0.6,1,0.3,0.3333333333333333,1,1
Muzaffarpur,Bihar,26.063672512681155,85.4566959983781,17,2,1,10.233616454485333,67.54576336660789,0.08438482336345353,7.215831456498798,1.0294248821874181,998.5792565708762,0.15201364534971515,0,0,1,0,1,190.0,4,0.8,0,0.1,0.0,0,0
Muzaffarpur,Bihar,26.13027468592292,85.48559967676482,10,6,11,33.682593386019406,74.33260783638886,20.251439672821398,2.9243725682991206,0.07367893700643606,999.2941016620854,0.32942389021302354,0,0,0,1,1,190.0,4,0.8,0,0.1,0.0,0,0
Muzaffarpur,Bihar,26.112206987240544,85.34656961901834,4,1,7,34.21538008769832,71.99749136154564,1.1147822393180742,6.188396084910381,2.2561882596983467,985.5578536316443,0.428175774306668,0,0,0,1,1,190.0,4,0.8,0,0.1,0.0,1,1
Muzaffarpur,Bihar,26.2086429789972,85.3846619080557,0,6,4,19.12585141572311,75.58969025706634,0.9992121868263377,19.60173330286426,0.060450628207114276,1026.933838131849,0.18463839724650183,1,0,0,0,1,190.0,4,0.8,0,0.1,0.0,0,0
Muzaffarpur,Bihar,26.195133318057433,85.4091541980877,11,3,10,23.07097322813312,82.75974748570749,7.382016949539204,11.793428438890691,0.7928506840240863,1017.9751777698013,0.5200390641517958,0,0,1,0,0,190.0,4,0.8,0,0.1,0.0,0,0
Ahmednagar,Maharashtra,19.165702575729746,74.70248360330211,3,0,6,30.882914169317715,61.99474294537622,0.21393253939929815,5.76664012343136,5.214352409285437,1024.077249329395,0.47022345655247677,0,0,0,1,0,180.0,2,0.4,0,0.2,0.0,1,1
Ahmednagar,Maharashtra,19.102803477642496,74.71952587224433,17,1,11,33.38722666704352,55.08395341715344,8.47728369625148,9.947641468413321,1.6620074567604115,1006.0236407297003,0.2175603341285927,0,0,1,0,0,180.0,2,0.4,0,0.2,0.0,0,0
Ahmednagar,Maharashtra,19.162034230854474,74.73761757304615,7,3,4,35.061934892777344,84.23832943685372,12.267380920131943,5.296491107040616,0.13823662515226287,1006.8785769894208,0.20216647570688773,0,0,0,1,3,180.0,2,0.4,0,0.2,0.0,1,1
Ahmednagar,Maharashtra,19.106195040184478,74.80475951821184,1,4,3,37.71047580090618,40.395212230281885,9.83833475503194,8.744888560005112,0.1462253080764332,995.6954688921871,0.2122767307856501,0,0,0,1,4,180.0,2,0.4,0,0.2,0.0,0,1
Ahmednagar,Maharashtra,19.05104009072531,74.77004202111577,20,2,7,34.16272357878229,45.786869929683334,8.137202543515112,7.352520621743082,0.43664642250782226,1007.6151920488095,0.26164297510524026,0,0,0,1,3,180.0,2,0.4,0,0.2,0.0,0,1
Mathura,Uttar Pradesh,27.46698983985966,77.76991080827356,17,1,6,42.26840288759102,69.4183959722651,19.306424048280668,15.709943227492559,1.9910646646651577,1040.191481705752,0.05973544726267346,0,0,0,1,0,170.0,3,0.6,0,0.3,0.0,0,0
Mathura,Uttar Pradesh,27.542810726867526,77.72717765317003,15,2,7,25.94649027754987,48.684714444412386,12.149394025725469,2.074912016263712,5.030237415241699,1006.657476938745,0.4674350757032561,0,0,0,1,0,170.0,3,0.6,0,0.3,0.0,0,0
Mathura,Uttar Pradesh,27.56857461844383,77.71331463995944,23,6,9,38.574334441737484,46.80221946444991,7.586449237336716,6.793611438971455,2.465662409743909,1003.6880063687156,0.10140657723056773,0,0,1,0,4,170.0,3,0.6,0,0.3,0.0,2,2
Mathura,Uttar Pradesh,27.52420795556643,77.61924388012785,20,4,9,38.73113284924683,46.43104730847105,15.168233448291923,16.573053506968662,0.004075292268307986,994.6877841403775,0.38840845661340595,0,0,1,0,1,170.0,3,0.6,0,0.3,0.0,0,1
Mathura,Uttar Pradesh,27.574724305610008,77.64393277161187,15,2,3,27.5424633876332,70.57164609252474,5.353770933775493,11.522604808637933,0.5643428774817907,1007.0237013383472,0.5217584192896781,0,0,1,0,2,170.0,3,0.6,0,0.3,0.0,1,1
Kollam,Kerala,8.801765424574592,76.69249462580686,8,2,8,20.83095608143988,89.15336521151801,6.87754045438218,19.510841716725682,0.18959630419077458,1017.8821391668185,0.08600821376092192,0,0,1,0,0,160.0,3,0.6,1,0.0,0.0,0,0
Kollam,Kerala,8.819237458578412,76.55396879828471,8,5,7,23.97657532352161,83.14724039403171,0.006686231596434474,4.091865942590516,7.027334998287226,992.0599118165301,0.10650498381223449,0,1,0,0,0,160.0,3,0.6,1,0.0,0.0,2,2
Kollam,Kerala,8.805689996932216,76.57506068272694,5,1,8,34.47252209347508,42.45794452900158,19.41626011429048,2.78898962705302,2.8453607783549484,995.9122708898421,0.3685043669434807,0,0,0,1,2,160.0,3,0.6,1,0.0,0.0,1,0
Kollam,Kerala,8.86647042875958,76.555175989809,11,4,4,28.07116214324045,84.22590773603616,12.526727556967073,13.523517237710463,0.5514035219616487,992.607761598865,0.041767223820081946,0,1,0,0,1,160.0,3,0.6,1,0.0,0.0,0,0
Kollam,Kerala,8.919276853546387,76.70168660110441,22,0,7,48.70138534505179,43.58156968476755,18.23162242691063,13.86105260566749,3.066171087261211,1027.5414075286758,0.24815254256806837,0,0,0,1,3,160.0,3,0.6,1,0.0,0.0,2,2
Avadi,Tamil Nadu,13.171449850316826,80.02231728774697,12,0,2,17.089154912816994,52.22441075698137,0.35932966402356326,19.879168222146927,0.0018661120233742156,1012.2447613252403,0.47055305004993586,0,0,0,1,0,150.0,3,0.6,0,0.0,0.0,0,1
Avadi,Tamil Nadu,13.066725401579511,80.18806856905421,13,6,5,27.558331277226088,76.10066399622339,10.765556572685673,14.233186696396096,0.08020544459608815,1002.8845076586002,0.44423386149541016,0,0,0,1,0,150.0,3,0.6,0,0.0,0.0,0,0
Avadi,Tamil Nadu,13.063954584556576,80.10691341985908,20,5,5,31.616357748711295,51.4003459528676,25.941312846251602,13.066282899933487,0.2594732026549076,988.8417213591362,0.3262899066093372,0,0,1,0,1,150.0,3,0.6,0,0.0,0.0,0,1
Avadi,Tamil Nadu,13.063262489986528,80.09816126844376,12,2,2,23.259590510453855,57.00192207925415,1.5084425016058531,4.388085167402634,0.32451637716503545,1017.1216869457082,0.27031307269579796,0,0,0,1,0,150.0,3,0.6,0,0.0,0.0,0,0
Avadi,Tamil Nadu,13.03414199827226,80.19200235329822,4,4,8,24.004180376941534,44.743364144325845,3.0102186207402544,3.9142209303593285,4.811127633986045,1000.8438154414704,0.19312719794997715,0,1,0,0,0,150.0,3,0.6,0,0.0,0.0,0,1
Kadapa,Andhra Pradesh,14.401023398638321,78.84317689777824,16,3,8,27.838696580911087,65.16979090683463,20.766047241954144,6.442331326786661,0.27437402730057925,1005.4587257211268,0.04993590654213288,0,1,0,0,0,140.0,2,0.4,0,0.0,0.0,0,0
Kadapa,Andhra Pradesh,14.511358854224522,78.87502633945944,7,2,9,19.109338757449315,47.81413160455095,3.520078617175968,19.74287661678366,0.6236826645833713,973.1226708312901,0.16090450095639575,0,0,1,0,2,140.0,2,0.4,0,0.0,0.0,1,0
Kadapa,Andhra Pradesh,14.413604120717348,78.77407238957801,12,5,7,26.060363183670646,85.66064217913039,9.959908840752853,10.80862579200187,2.0382238001824082,1001.6207292769124,0.25235813612843255,0,0,1,0,0,140.0,2,0.4,0,0.0,0.0,0,1
Kadapa,Andhra Pradesh,14.40323772959635,78.74184103486898,18,6,7,32.32825275891217,43.324250750666785,0.2326833748176629,18.98903719334645,0.0492686288888726,1014.2631358440653,0.44148836913685235,0,0,1,0,1,140.0,2,0.4,0,0.0,0.0,0,0
Kadapa,Andhra Pradesh,14.44668314213833,78.90917364013436,10,3,9,27.838147726980385,43.68137913838147,8.028903301499826,4.739534547974845,0.578144253105229,1020.8087416538764,0.20255832997887366,1,0,0,0,2,140.0,2,0.4,0,0.0,0.0,0,1
Kamarhati,West Bengal,22.680973142338395,88.43773278964525,22,1,2,5.020196162775136,79.99520816491967,0.14630704589598656,13.875702269094667,0.5376177843957903,986.1105719893798,0.32882632957419544,0,0,1,0,1,130.0,3,0.6,0,0.0,0.0,1,1
Kamarhati,West Bengal,22.751771626046832,88.31404744453151,19,5,9,34.57931383717448,89.04877531250872,9.88418236341866,1.278430333317199,4.630037323885316,1022.3471741648244,0.09870541159848308,0,1,0,0,1,130.0,3,0.6,0,0.0,0.0,0,0
Kamarhati,West Bengal,22.687256486314357,88.37681617633544,7,1,7,24.7166483044663,42.95429570735618,12.076063048966768,16.974891778150173,2.7342759586567933,1008.9863651825128,0.12931932631561427,0,1,0,0,0,130.0,3,0.6,0,0.0,0.0,0,0
Kamarhati,West Bengal,22.605985476658482,88.31165082540412,1,0,7,27.966628046874128,40.18226254513889,4.122909725015939,10.773071671182082,2.90880522223582,995.2333178227109,0.17995455997265505,0,0,0,1,0,130.0,3,0.6,0,0.0,0.0,1,0
Kamarhati,West Bengal,22.7339420009672,88.45164846436636,14,1,5,46.42067660651935,54.17887959559718,20.913522337497366,9.319574794878847,2.314650251252577,1009.8799095486695,0.1065376202299312,1,0,0,0,0,130.0,3,0.6,0,0.0,0.0,0,1
Bilaspur,Chhattisgarh,22.059471403768118,82.089264349331,23,4,5,27.860256799041245,62.646603931772106,8.933991076217858,15.375393193742834,0.4645220800071042,1000.0455282231829,0.24218438644250195,1,0,0,0,1,120.0,2,0.4,0,0.2,0.0,0,1
Bilaspur,Chhattisgarh,22.03924534522833,82.23153174149675,12,6,2,33.86927654117403,58.118782731995765,9.070872758340569,3.905187887625564,0.019382147401513977,1003.3609478931327,0.30544571616187005,0,1,0,0,0,120.0,2,0.4,0,0.2,0.0,0,1
Bilaspur,Chhattisgarh,22.00234362703394,82.12144981191263,23,1,1,21.97266444461568,64.54068881674885,4.62878959808136,12.64821391232808,0.4834502355953681,1034.2303283526735,0.4281133073612289,0,0,1,0,1,120.0,2,0.4,0,0.2,0.0,1,1
Bilaspur,Chhattisgarh,22.025947988292,82.16002251404646,2,0,9,30.97077659457934,89.62810200928806,0.7625022991039038,14.366637173962078,0.4274314066577833,992.7529759447217,0.22754035826671096,0,1,0,0,4,120.0,2,0.4,0,0.2,0.0,2,2
Bilaspur,Chhattisgarh,21.99629376239076,82.12222243898101,14,3,8,31.225450409281592,81.5989599421674,7.814649666383277,8.272292058468064,0.14453259876144092,1004.7140770597122,0.2564940508206005,0,0,1,0,1,120.0,2,0.4,0,0.2,0.0,0,0
Shahjahanpur,Uttar Pradesh,27.934400967837743,79.85909798247097,4,2,8,28.099702006620376,47.71137410890962,0.4989031738980518,2.7685096578382002,2.530721541668815,1027.6771187322377,0.3772877640949659,0,1,0,0,5,110.0,3,0.6,0,0.0,0.0,1,0
Shahjahanpur,Uttar Pradesh,27.788346401753536,79.8419374064668,12,2,12,16.698326745751743,44.02254007478788,36.11010232452375,4.485296872479752,0.4846511704468114,1018.311525632101,0.5020036086831352,0,0,1,0,4,110.0,3,0.6,0,0.0,0.0,0,0
Shahjahanpur,Uttar Pradesh,27.838824376020344,80.00009812757841,15,6,9,36.68241816227725,47.99804161345726,23.452599184840306,14.01704348441056,3.5938660039273533,995.9334408274012,0.43696617414402594,0,0,1,0,1,110.0,3,0.6,0,0.0,0.0,1,0
Shahjahanpur,Uttar Pradesh,27.799330097550868,79.89278125455131,13,3,11,15.015083629503321,81.76130240449746,1.5385686653622346,5.6214853307652,0.09518780267809791,1019.8115428766596,0.07506654060934867,0,0,0,1,0,110.0,3,0.6,0,0.0,0.0,0,0
Shahjahanpur,Uttar Pradesh,27.888653731829713,79.93779688005452,22,4,10,26.68583618539484,79.04299570911746,1.1180449842963824,14.877400824107491,0.1106746372827349,984.8276855493233,0.46653762055679737,0,1,0,0,2,110.0,3,0.6,0,0.0,0.0,1,2
Satara,Maharashtra,17.719382119665912,73.95994220687436,23,2,8,25.914923395183454,54.4811543621281,3.288471600768031,13.855168461271921,1.1781867584516825,995.2381116735447,0.4237463750470222,0,1,0,0,4,100.0,3,0.6,0,0.2,0.0,1,0
Satara,Maharashtra,17.609595545581815,73.98358598815341,10,1,4,20.22754955883174,48.63128097493874,12.12686425279562,7.328896211787448,0.7146246721387066,1056.869274629598,0.2514193004157386,0,0,1,0,0,100.0,3,0.6,0,0.2,0.0,0,0
Satara,Maharashtra,17.58565663417505,74.01732749225744,14,2,11,32.1758414593811,87.579527559358,2.195240524692218,9.858104877242505,0.41790383798292713,1032.868660672007,0.4707370611973281,0,1,0,0,0,100.0,3,0.6,0,0.2,0.0,0,0
Satara,Maharashtra,17.624521783635103,74.05709373345212,18,2,4,36.846055820074724,43.96848444990354,10.927013776392762,3.1176109644667793,0.20812878121711906,1030.0467815224176,0.14725041105767836,0,0,1,0,5,100.0,3,0.6,0,0.2,0.0,0,0
Satara,Maharashtra,17.775912712951538,74.07963343320303,14,3,4,45.59692528798773,50.8043514908001,38.084731463552046,7.782045497098443,1.2238892468138016,1017.1947740893024,0.5146623189406772,0,0,0,1,5,100.0,3,0.6,0,0.2,0.0,1,1
Bijapur,Karnataka,16.80491201743025,75.69053559891717,3,1,8,21.684435522873716,50.6594920669297,11.182058583020966,18.62684209815204,9.257968942872363,1011.8479237501416,0.4941292378122529,0,1,0,0,2,90.0,2,0.4,0,0.2,0.0,2,2
Bijapur,Karnataka,16.924748775074686,75.63640159690397,8,4,10,16.544493410949734,62.90958443672416,2.8794213121115106,18.34273459234828,0.5120960826307402,1017.5622539491998,0.5141520198519623,0,0,0,1,0,90.0,2,0.4,0,0.2,0.0,1,0
Bijapur,Karnataka,16.73745528610061,75.63460696293139,13,4,5,37.21759886368271,44.70729623194654,4.589889863905193,19.22417776845838,0.06875585491697556,1013.7944782163063,0.5222941766102417,0,0,1,0,2,90.0,2,0.4,0,0.2,0.0,1,1
Bijapur,Karnataka,16.75314674475912,75.70123405486979,2,1,8,37.627069317863274,67.58286033756866,9.831663711445866,8.511285793814071,2.8629009406322186,1014.32249972183,0.6249263600122259,0,1,0,0,0,90.0,2,0.4,0,0.2,0.0,1,0
Bijapur,Karnataka,16.84193255530774,75.6666919238272,4,4,1,41.29941314660704,88.27444493616824,14.9095170494601,2.024169204860774,0.25354689912801737,1027.2091607156003,0.4302766161777412,0,0,0,1,0,90.0,2,0.4,0,0.2,0.0,1,0
Rampur,Uttar Pradesh,28.735952767768662,78.94361657232253,6,1,7,30.252240470173373,46.866693349872484,45.73524260972408,1.5952370684854307,4.271264927442161,1019.178185588372,0.49417899012403993,0,0,1,0,0,80.0,3,0.6,0,0.3,0.0,0,0
Rampur,Uttar Pradesh,28.812754200016908,78.95062236393922,12,5,6,28.693718737416397,62.784299558038555,0.44588160367296703,2.815618160921661,2.8541455393260944,1025.7479834265043,0.13321048234626948,0,0,1,0,1,80.0,3,0.6,0,0.3,0.0,1,0
Rampur,Uttar Pradesh,28.751905004741474,79.00867117265615,4,5,10,32.56028662328109,61.72244281428276,31.94493840398266,19.742581752368643,0.16823693382901403,1016.4844477189156,0.3530317649999307,0,0,1,0,0,80.0,3,0.6,0,0.3,0.0,1,1
Rampur,Uttar Pradesh,28.851567592076428,79.09180141338553,22,5,6,35.286663811203425,78.04775274841393,1.57518966117324,19.174511738245496,1.334459816169651,1010.914690666652,0.4413280023253638,0,0,1,0,0,80.0,3,0.6,0,0.3,0.0,1,0
Rampur,Uttar Pradesh,28.798030406045424,79.06762438243551,3,5,11,32.86998448378953,47.80351054475691,3.636981243112922,17.273325317989794,0.15404141734494628,1028.0803187125794,0.0955565524516181,0,1,0,0,0,80.0,3,0.6,0,0.3,0.0,2,1
Shivamogga,Karnataka,13.954347452699563,75.53883689234547,21,1,10,16.38608060313944,48.18955838007406,41.049028281925686,1.1841379576644118,0.5266544749134213,1007.9117579657955,0.08917271830689329,0,0,0,1,0,70.0,2,0.4,0,0.2,0.0,0,0
Shivamogga,Karnataka,13.871166964765436,75.58987955916974,12,0,2,26.492962494086644,84.4476277232663,35.928625644484036,13.024192685319363,0.019596615926717492,1021.4064475549106,0.19245821295363383,0,1,0,0,0,70.0,2,0.4,0,0.2,0.0,0,0
Shivamogga,Karnataka,13.92545832944582,75.58491066343647,22,5,8,27.969429370330786,54.627880905525345,6.624208449659571,7.7930016565613,3.2059379082141013,1001.773893151927,0.25594762562246004,0,0,1,0,2,70.0,2,0.4,0,0.2,0.0,3,2
Shivamogga,Karnataka,13.962994782105751,75.49003333157145,9,4,2,14.399282286893976,86.91656565330551,0.5578325506461518,11.612892964884033,2.587017609142967,1031.194749504757,0.4420700972246103,1,0,0,0,0,70.0,2,0.4,0,0.2,0.0,0,1
Shivamogga,Karnataka,13.981339581981898,75.59936143368374,5,5,5,23.638948472199697,80.99633525162926,10.16797161269299,2.471371765331176,0.04817791881212985,996.8643020189659,0.3872861568942156,0,1,0,0,1,70.0,2,0.4,0,0.2,0.0,1,0
Chandrapur,Maharashtra,20.042380648444535,79.32159327862364,20,3,9,21.31433136212315,74.89981360852595,1.9864520555023646,19.136328730152883,1.9583878516270374,988.0134241097262,0.056606584865340245,0,0,0,1,0,60.0,2,0.4,0,0.0,0.0,0,0
Chandrapur,Maharashtra,19.98163193556334,79.22579777800838,4,4,8,27.37820418762889,48.39633259058624,4.174402307099293,12.616829711816166,1.2080824941606028,1007.7120217243491,0.1906722980591119,0,1,0,0,1,60.0,2,0.4,0,0.0,0.0,1,0
Chandrapur,Maharashtra,19.86616697201432,79.3133897453147,22,3,3,13.767553646898145,77.6939655053778,4.77854204557142,6.5929401662475655,0.30619607158436635,1008.4598614237784,0.1454538924358638,0,0,0,1,0,60.0,2,0.4,0,0.0,0.0,1,0
Chandrapur,Maharashtra,19.988452965657217,79.25607927030886,8,2,2,22.813715940758406,56.79907488711192,2.78790741125938,14.073440506072986,0.331404351877928,1024.54912394292,0.5279823932303412,0,0,0,1,1,60.0,2,0.4,0,0.0,0.0,0,0
Chandrapur,Maharashtra,19.99276056359215,79.2235595243026,20,2,8,27.75388345514997,65.53243836988811,5.600746337262738,15.061179196442524,0.21455292305746743,1022.5559680384316,0.18151927966181222,0,1,0,0,4,60.0,2,0.4,0,0.0,0.0,0,0
Junagadh,Gujarat,21.6033544412323,70.40653220635498,23,4,11,26.44880877854613,61.85412056756477,1.5378576833632285,19.19797154365056,1.7893218571785525,1031.3422038361462,0.3327871297876339,0,1,0,0,1,50.0,3,0.6,0,0.5,0.0,1,0
Junagadh,Gujarat,21.58762480111883,70.49159605604171,23,1,1,5.747261642335605,73.97207803695203,31.95907800567359,5.334742623506624,0.9352500871103931,999.9329262583285,0.22181092634986485,0,0,1,0,2,50.0,3,0.6,0,0.5,0.0,1,1
Junagadh,Gujarat,21.59140794995528,70.52721406270814,15,1,12,23.550982415288864,51.09024751490642,21.590723145160766,13.77181572127532,0.025573916977903892,1015.5771408591172,0.09875141984048803,0,0,0,1,4,50.0,3,0.6,0,0.5,0.0,1,1
Junagadh,Gujarat,21.611673019335253,70.5280183913824,5,0,3,15.140655644826618,66.02114676750044,19.65507820944502,3.387053974591883,0.18637495064168857,989.7888343102869,0.548903440010238,0,1,0,0,3,50.0,3,0.6,0,0.5,0.0,2,2
Junagadh,Gujarat,21.509188339567125,70.55284140637342,3,4,2,22.912435285007824,57.712744584686185,1.1827641953383659,4.7217721256074,0.26027128174794106,1021.3304965489053,0.1630275777807655,0,0,1,0,5,50.0,3,0.6,0,0.5,0.0,2,1
Thrissur,Kerala,10.443692800400376,76.29425548975024,16,2,12,20.004300289945284,64.37282990039618,4.176275652651488,3.380532146573411,0.08944931433013226,1005.5649486616118,0.6725335730197509,0,0,0,1,2,40.0,3,0.6,0,0.0,0.0,0,0
Thrissur,Kerala,10.45477736892355,76.28566964588703,4,4,11,25.360528130489442,82.47844372380135,16.498890350533372,3.476252992390722,1.2154443285275112,1011.3718543342793,0.05650903806176288,0,0,1,0,2,40.0,3,0.6,0,0.0,0.0,1,0
Thrissur,Kerala,10.542863558121022,76.15367278365463,5,6,3,34.66866045996824,46.9539980690694,2.217096831107264,19.615336488550216,0.11010203458374686,981.7097025305602,0.42391896009769836,1,0,0,0,0,40.0,3,0.6,0,0.0,0.0,0,0
Thrissur,Kerala,10.59589126074361,76.19941286931417,19,4,1,22.89763533446269,45.2719737092147,15.072522185067767,7.6418795545733555,0.4519486466333678,1020.7802450308052,0.40729194168232324,1,0,0,0,0,40.0,3,0.6,0,0.0,0.0,0,0
Thrissur,Kerala,10.580124713560567,76.15890719416997,0,4,11,21.392904590456553,89.91949184295828,9.717464740923829,4.3900992755151,0.9971629861485848,1027.678083397182,0.4378845989812818,0,0,1,0,3,40.0,3,0.6,0,0.0,0.0,2,1
Alwar,Rajasthan,27.602496576511708,76.61984710958983,13,1,8,21.770614684316293,82.35417321543632,25.867689705479094,14.452646595842126,1.505645723686591,1012.7369724303422,0.2558007970133467,1,0,0,0,5,30.0,3,0.6,0,0.3,0.0,1,1
Alwar,Rajasthan,27.549117277322864,76.65795564548013,22,2,10,22.21434220109607,46.07633811430284,8.912740163869893,11.42066676210182,0.6771081807809952,999.5526147389563,0.21991168428474106,0,0,0,1,2,30.0,3,0.6,0,0.3,0.0,2,2
Alwar,Rajasthan,27.54936860585662,76.72517701084365,4,1,4,26.075009959235818,79.12425528810161,19.22699519452341,2.496023497880731,0.19848207472841412,1033.2737301458358,0.1795105590952396,0,0,0,1,0,30.0,3,0.6,0,0.3,0.0,1,1
Alwar,Rajasthan,27.527334443773892,76.68130525509318,17,0,10,10.738411340353991,62.57719269536106,2.6361058914343416,1.2305154963351361,0.24736483849229568,984.2549821567894,0.26734807375710784,1,0,0,0,0,30.0,3,0.6,0,0.3,0.0,0,0
Alwar,Rajasthan,27.583264067125846,76.62112237795071,20,2,10,32.62856144420528,73.67770552894396,1.1544421582455593,17.110564717958347,0.6779628493335284,1022.0354990968636,0.13443743021328095,0,1,0,0,0,30.0,3,0.6,0,0.3,0.0,0,1
Bardhaman,West Bengal,23.13748895580778,87.90783898648816,17,6,3,20.220553320770172,68.61944327331359,6.34054407211547,9.668025456543315,2.7343815447234157,1052.195209576026,0.3840843786423748,0,1,0,0,0,20.0,3,0.6,0,0.0,0.0,0,0
Bardhaman,West Bengal,23.266332524166803,87.81058708387253,22,4,7,33.3617597727233,60.83630542156632,16.887617362427154,7.055129974358102,0.012666474028137054,997.6950280327612,0.36158439014481886,0,1,0,0,0,20.0,3,0.6,0,0.0,0.0,1,1
Bardhaman,West Bengal,23.180534857234814,87.94396666448053,18,4,4,20.126901769874586,58.50274437484461,3.992619541469542,12.478206306129243,0.153102959481597,1022.1546576348094,0.3197645209543784,0,0,0,1,2,20.0,3,0.6,0,0.0,0.0,0,0
Bardhaman,West Bengal,23.20437528367143,87.78102332202405,23,1,3,17.667928459223955,72.56127457877768,2.644973896626345,19.055187386212744,0.011040614205764633,1032.5199380410104,0.15952567120980052,1,0,0,0,4,20.0,3,0.6,0,0.0,0.0,2,2
Bardhaman,West Bengal,23.280585415565497,87.92463447497165,5,2,7,22.013548697264618,78.88767296668485,0.580139511011823,17.23430492421424,0.5553169260574451,995.1392109979778,0.4147856510695192,0,0,0,1,0,20.0,3,0.6,0,0.0,0.0,1,1
Kulti,West Bengal,23.710892353843956,86.8286884589241,2,4,10,13.01074487387454,75.30734076650964,38.21070921851486,11.716619605837154,0.528396491130612,1033.980998390025,0.10463247367870701,0,0,0,1,0,10.0,3,0.6,0,0.0,0.0,0,0
Kulti,West Bengal,23.790495607651476,86.94405144759436,11,5,2,6.317446600637993,66.26141167960436,0.22675335008108016,8.707268459923469,1.9958388526207973,1007.1173603676623,0.3700736925942597,1,0,0,0,0,10.0,3,0.6,0,0.0,0.0,0,1
Kulti,West Bengal,23.72605670242742,86.82458114878034,6,3,2,22.211081820801667,70.43893563132815,1.5757759738564165,1.567346650704545,0.1741609519725771,1013.2375687299481,0.5556309699767399,0,1,0,0,2,10.0,3,0.6,0,0.0,0.0,1,1
Kulti,West Bengal,23.70749066492722,86.93639144199445,14,6,11,20.995070427897303,50.47283973531856,5.779170612646068,12.62094515590424,1.5078901498823198,1028.6168592955094,0.18673965398676068,1,0,0,0,1,10.0,3,0.6,0,0.0,0.0,0,0
Kulti,West Bengal,23.71237485031145,86.87830817251896,14,2,5,28.868843000377254,84.39118207792026,11.251305578066868,3.4294772422496718,0.41566826809549784,1009.9473522805094,0.279821190115067,0,1,0,0,1,10.0,3,0.6,0,0.0,0.0,0,0
Imphal,Manipur,24.915948201599967,93.91110928214287,13,3,3,36.792308751297895,46.28506927170124,14.760677114942819,18.153951159681725,2.322959491538842,1011.3059087756362,0.3974754870996552,0,1,0,0,0,280.0,5,1.0,0,0.4,0.0,0,0
Imphal,Manipur,24.833322789285884,93.980615926761,3,3,1,25.462580877477013,44.41427567640612,2.9875828814161007,5.623133863794337,0.5120024182495168,1004.9479560303176,0.19832656098110635,1,0,0,0,5,280.0,5,1.0,0,0.4,0.0,2,2
Imphal,Manipur,24.751815444215772,93.99210226739731,21,2,4,19.758077448377854,88.13160609517848,16.203106860882283,19.397069676537587,1.3457436834230976,990.6846392988335,0.23151713328763063,0,0,0,1,2,280.0,5,1.0,0,0.4,0.0,1,0
Imphal,Manipur,24.78605905812011,93.94784318319377,19,1,6,18.869677800947986,69.53819975405781,1.6412537105994875,11.156283250140254,2.01651659697552,1036.1355121726176,0.14142133087695685,0,0,0,1,5,280.0,5,1.0,0,0.4,0.0,1,1
Imphal,Manipur,24.739261041331286,93.92000233432279,23,0,2,26.737126074706893,53.87491705592449,1.4465915855672535,15.232452424029173,1.32676055285108,1004.5427609816279,0.4216039398081761,0,1,0,0,2,280.0,5,1.0,0,0.4,0.0,3,2
Kohima,Nagaland,25.703283127192954,94.19614177356586,16,6,9,31.54018818781303,88.63720717054099,2.496619979762321,19.268335692651863,6.209755093804915,1032.8251801215883,0.35394180029597255,0,0,0,1,0,120.0,5,1.0,0,0.4,0.0,1,0
Kohima,Nagaland,25.675939098835205,94.0623341859796,18,6,12,19.959405354542106,55.14158737542013,21.045654109739846,11.454801920464249,0.25837100892545495,1034.0625316103938,0.5653767825644606,0,1,0,0,2,120.0,5,1.0,0,0.4,0.0,2,2
Kohima,Nagaland,25.61973721223953,94.14177642050618,18,2,8,29.505798511775225,57.63688473335822,11.19290533331301,16.035419697384928,1.321015623746253,989.0718090516665,0.14819061978938902,0,0,1,0,1,120.0,5,1.0,0,0.4,0.0,1,1
Kohima,Nagaland,25.76517735074125,94.1435524108243,1,3,9,10.38496274828923,77.49704226740138,16.816484815282866,4.835166330460032,1.024801968716299,1002.055144338634,0.3739603043995831,0,0,1,0,1,120.0,5,1.0,0,0.4,0.0,1,1
Kohima,Nagaland,25.680335220622627,94.12595700245333,2,2,10,32.149654816859886,58.738589081700646,0.7743072612451483,17.55199709031386,0.008926845957983385,1018.8938326493104,0.3620593515652124,0,0,0,1,3,120.0,5,1.0,0,0.4,0.0,2,2
Aizawl,Mizoram,23.81566959118327,92.6655316558111,17,2,5,18.50494892596997,62.957159926513455,32.47801592950499,11.174629442349776,1.130544761675447,1018.8059991398759,0.472142617154806,0,1,0,0,1,290.0,5,1.0,0,0.2,0.0,0,1
Aizawl,Mizoram,23.63468447968349,92.62044388855416,21,4,8,25.375926129691734,86.10695218223273,18.122771814466326,3.010329773282424,2.6023543863691603,1006.8186451472155,0.29313491529307384,1,0,0,0,2,290.0,5,1.0,0,0.2,0.0,1,1
Aizawl,Mizoram,23.760211640906466,92.8149730466326,18,4,12,26.909042192351958,76.01328038072452,2.3049817664562604,12.091224710384704,0.14134521179387446,979.9693883224859,0.5223803732735061,1,0,0,0,0,290.0,5,1.0,0,0.2,0.0,0,1
Aizawl,Mizoram,23.67750446643758,92.73526004150436,11,6,4,37.129897241032936,42.50918104617736,3.543061216273016,7.69221894906521,1.1668211959578845,1014.9369907559382,0.18008278584401688,1,0,0,0,4,290.0,5,1.0,0,0.2,0.0,1,1
Aizawl,Mizoram,23.735838036301605,92.64379302259243,8,3,9,16.945990040378334,71.53613801377023,11.440470514856102,10.788810851415501,1.337650075092701,990.8583044207492,0.7355684136429489,0,0,0,1,0,290.0,5,1.0,0,0.2,0.0,2,2
Shillong,Meghalaya,25.481187205812613,91.97110508436383,7,4,5,30.783793327167153,58.287603750555725,23.2293712159938,15.257672457217362,0.25728297611886614,993.2233174775811,0.5940467269105055,1,0,0,0,3,350.0,5,1.0,0,0.6,0.0,1,1
Shillong,Meghalaya,25.65644582942911,91.85942806396162,13,3,4,23.358457034117937,51.19231762803383,1.7770672463283677,12.708083595022993,1.6454740710127138,993.1554083565433,0.35524059192424656,0,0,0,1,1,350.0,5,1.0,0,0.6,0.0,0,1
Shillong,Meghalaya,25.59841194804805,91.94724091164632,1,5,9,28.958911961510957,68.93851061285544,6.43402641462941,8.336254655726613,0.4499966886320058,1005.916461061759,0.07806938900384776,1,0,0,0,0,350.0,5,1.0,0,0.6,0.0,2,1
Shillong,Meghalaya,25.621442533221217,91.89066788373685,6,3,10,30.88239676292272,69.45008054027824,2.1757657713468346,11.957909701466106,0.22176482518431112,985.3526306125028,0.11176270029787984,0,1,0,0,1,350.0,5,1.0,0,0.6,0.0,0,1
Shillong,Meghalaya,25.56640050773347,91.83161398025457,2,2,9,34.51510591745618,47.36855314972296,19.02749602876894,4.861179848969539,1.8631562840219051,1011.7830307229133,0.16380368236034984,0,1,0,0,1,350.0,5,1.0,0,0.6,0.0,1,1
Itanagar,Arunachal Pradesh,27.16249733670592,93.55192679723277,18,1,12,27.869332554866276,44.669873195238324,9.642689010389105,6.238506690279508,0.2517868983459527,1018.0800083818509,0.08391966807997484,0,0,1,0,0,100.0,5,1.0,0,0.4,0.0,0,0
Itanagar,Arunachal Pradesh,27.109738733030163,93.54221563925422,12,5,2,24.478445071590105,62.26292839231162,22.26417569274266,17.25001678198472,0.8335580799018977,1019.0337725156105,0.4143121680048267,0,1,0,0,0,100.0,5,1.0,0,0.4,0.0,1,1
Itanagar,Arunachal Pradesh,27.07479001491628,93.58585151742221,1,2,10,38.22083818443014,84.76545414917948,3.1784032079485325,16.94622794855779,1.3406948092560598,1030.2718202565027,0.2288890720576374,0,1,0,0,2,100.0,5,1.0,0,0.4,0.0,1,1
Itanagar,Arunachal Pradesh,27.16590703415408,93.52057552786145,19,1,1,38.97365464805848,63.509532107670154,18.494782325474716,16.93450245408772,0.11176665067288617,1014.8096185385233,0.4607448959809222,0,0,1,0,0,100.0,5,1.0,0,0.4,0.0,0,0
Itanagar,Arunachal Pradesh,27.056787785267396,93.54664283246707,22,0,4,24.60298830039967,83.93200189910579,6.553814154351145,3.704895489366918,0.06407702183125191,1031.1172475419262,0.0913629749200715,0,1,0,0,2,100.0,5,1.0,0,0.4,0.0,1,1
Gangtok,Sikkim,27.406635216336685,88.55907401140509,21,1,3,20.20359098853957,68.54444500109045,8.233223721770985,7.660404583838287,0.07928302979805459,989.9737301811114,0.05526994771170534,0,0,1,0,3,120.0,4,0.8,0,0.1,0.0,1,1
Gangtok,Sikkim,27.34983719335551,88.61948603195636,1,6,9,29.24396043291648,85.84176360265417,10.353353908546666,8.126625647133725,3.6139526243346136,1010.2991686690442,0.3436262798950825,0,0,1,0,0,120.0,4,0.8,0,0.1,0.0,2,1
Gangtok,Sikkim,27.391881049917703,88.59935998002358,13,1,11,24.81631650939697,80.05704592970932,2.215533844179745,5.974084680886075,1.1367439060166595,1009.2061910747195,0.305635302406097,1,0,0,0,4,120.0,4,0.8,0,0.1,0.0,1,0
Gangtok,Sikkim,27.386590156733703,88.57063716201046,0,1,2,25.30592152542484,83.74706086133139,27.049582192303212,5.656250072652272,0.14524242443801696,1000.9175062105451,0.51055128104206,1,0,0,0,0,120.0,4,0.8,0,0.1,0.0,1,0
Gangtok,Sikkim,27.25610481291608,88.58491309832613,13,1,11,32.76741292008073,86.73162975205186,27.014567104020124,7.27916284650892,0.0559432623759714,1030.41738987595,0.16662269215698203,0,1,0,0,0,120.0,4,0.8,0,0.1,0.0,0,0
Port Blair,Andaman and Nicobar,11.675919918493113,92.66824809808911,1,4,8,29.214001740580226,72.87833923636909,14.001083169569714,5.253301871390396,1.3590073634492505,1015.2411975613601,0.3276870797747844,0,0,1,0,0,140.0,5,1.0,1,0.8,1.0,2,2
Port Blair,Andaman and Nicobar,11.574082995842662,92.74366054805077,16,4,8,12.763738928809483,73.17038406590028,4.065282850625637,11.631452600130237,0.7569824836429927,1016.3928672617867,0.21225804857966468,0,1,0,0,0,140.0,5,1.0,1,0.8,1.0,1,0
Port Blair,Andaman and Nicobar,11.577727741818663,92.75851880671502,19,5,1,12.97697606025138,52.01259785949747,1.0668431707927386,18.22527790519068,1.2405826177754355,1016.3218100078068,0.23563964035932888,0,0,1,0,2,140.0,5,1.0,1,0.8,1.0,3,2
Port Blair,Andaman and Nicobar,11.535946252110651,92.77981412746121,10,6,7,35.685468865076665,56.75474429479634,12.340677991371397,7.255974222023914,1.5081746106826317,1007.5092120650917,0.12896461302162068,0,1,0,0,0,140.0,5,1.0,1,0.8,1.0,2,1
Port Blair,Andaman and Nicobar,11.627906579086746,92.70665131248883,18,5,4,18.142334873735138,50.160884516725815,8.925300488298861,4.007947539240412,0.2953338269914685,1000.3190515674944,0.22258035844706334,0,0,1,0,1,140.0,5,1.0,1,0.8,1.0,1,1
Silvassa,Dadra and Nagar Haveli,20.30404496238674,73.088391671162,1,5,11,27.35895923321926,85.4481176512605,3.3660568405863445,8.076347996130846,0.2638792397075768,1043.9348163808772,0.17927354235301252,0,0,1,0,5,100.0,3,0.6,0,0.2,0.0,2,2
Silvassa,Dadra and Nagar Haveli,20.36067492470602,73.07289685150224,6,3,4,26.22459475093358,57.71935414533593,7.35241687303378,6.670348499054078,0.9211625785164554,977.1670914682611,0.1501770949623531,0,0,0,1,3,100.0,3,0.6,0,0.2,0.0,0,0
Silvassa,Dadra and Nagar Haveli,20.357652407737547,73.09615750972006,5,2,6,16.802827475987286,71.56715456891578,20.15737296468056,13.229962888523685,5.1175321590279275,991.2365171664864,0.3300167255920957,0,1,0,0,2,100.0,3,0.6,0,0.2,0.0,2,2
Silvassa,Dadra and Nagar Haveli,20.351903358634207,73.08559362758363,3,1,9,33.0210131550497,59.37772115358915,18.09436567303419,11.876026630358062,1.0596811718282373,1003.2773524811712,0.3439670817933504,0,1,0,0,4,100.0,3,0.6,0,0.2,0.0,1,0
Silvassa,Dadra and Nagar Haveli,20.20729605106993,73.00980538919103,15,4,12,32.91892610571182,72.23511991850793,0.3904783794907763,18.55264120266458,0.4243317968042895,1033.24095668001,0.31267601173584686,0,0,1,0,1,100.0,3,0.6,0,0.2,0.0,1,1
Daman,Daman and Diu,20.51484927863484,72.85061241337954,0,0,7,13.25570134611158,60.29367613193515,5.857986179305097,6.503077049443846,0.5720021379839098,1006.1817417273867,0.3767414424676981,0,1,0,0,2,80.0,3,0.6,1,0.2,0.0,2,1
Daman,Daman and Diu,20.514175306966283,72.89412990315532,1,3,9,33.1458604737611,82.0237724104259,37.33657051986135,6.55159787098791,2.724933405833407,997.5238693294416,0.2117989353460471,1,0,0,0,0,80.0,3,0.6,1,0.2,0.0,1,1
Daman,Daman and Diu,20.50263551141151,72.83373242542339,13,5,9,21.47393399572861,89.31288310096541,16.294052829584885,16.928481230994265,0.5112421933196347,1019.1314187982185,0.1515257013278131,0,0,1,0,0,80.0,3,0.6,1,0.2,0.0,1,1
Daman,Daman and Diu,20.369719449913458,72.79952262614789,14,6,11,36.46454265467753,83.43399873727557,14.84518218710215,6.438312826299375,0.061760685213782654,1019.2565776278147,0.10609628389225935,0,0,1,0,0,80.0,3,0.6,1,0.2,0.0,1,1
Daman,Daman and Diu,20.418452857557327,72.91579974384608,3,0,12,20.73549470588771,76.5432598534892,23.368077071746157,17.784648735667943,0.06406503875360253,982.0321582832582,0.5112960897197548,1,0,0,0,2,80.0,3,0.6,1,0.2,0.0,1,1
Puducherry,Puducherry,11.893608665323837,79.76469190977676,4,0,10,23.658704696394654,66.9426260849755,5.760342727781921,15.19722757743787,0.12719433077486564,989.7241436374414,0.13284198546502535,1,0,0,0,2,240.0,3,0.6,1,0.0,0.0,2,1
Puducherry,Puducherry,11.973631242953621,79.79641184405766,7,5,6,32.323546804560465,65.89500114194233,3.8795858763506876,16.803234910656208,0.48641748909314847,1027.3529498382225,0.6642203270315747,1,0,0,0,2,240.0,3,0.6,1,0.0,0.0,2,2
Puducherry,Puducherry,11.875208120737822,79.73523928464904,13,5,4,28.343478922949465,41.60737730791374,8.958945953532817,2.765560025018184,0.0012074165543645178,1039.4694758686148,0.40680321205562986,0,0,0,1,2,240.0,3,0.6,1,0.0,0.0,0,0
Puducherry,Puducherry,11.956999947572026,79.8040031071726,12,4,8,49.35580512585911,62.78560458772885,9.61472215027836,8.906118164065148,0.9510453508338109,1014.6636709103309,0.0875478588063707,0,0,1,0,0,240.0,3,0.6,1,0.0,0.0,0,1
Puducherry,Puducherry,11.948517422144375,79.84588418679088,20,1,1,33.02114237450322,52.15014205005915,6.594663423039217,9.133789638076587,0.8904950315656177,1033.9495850683456,0.25412838155100154,0,0,0,1,3,240.0,3,0.6,1,0.0,0.0,1,1
Lakshadweep,Lakshadweep,10.466830035054265,72.56024694946014,17,5,5,35.154190172648725,73.83072858453775,22.087245367073542,2.9360351926411843,0.4850065465747511,988.3600709070091,0.503834640483832,1,0,0,0,1,65.0,3,0.6,1,0.0,0.0,1,0
Lakshadweep,Lakshadweep,10.480939719330294,72.68071897995068,18,2,10,22.31547801726294,45.65022423600396,45.08088735107041,1.6390917829765357,1.373179497683956,1014.0368769195497,0.3063622386274728,0,0,1,0,2,65.0,3,0.6,1,0.0,0.0,1,1
Lakshadweep,Lakshadweep,10.516767738627552,72.65123007017816,14,4,2,16.51562938987016,69.91423500191331,2.25601739438019,14.460490247341632,0.7149100004491522,1008.1920381233273,0.1136634892310961,0,0,1,0,1,65.0,3,0.6,1,0.0,0.0,0,0
Lakshadweep,Lakshadweep,10.5750354459753,72.62072473991797,21,5,12,13.335006418153908,70.26597102964448,8.262484367652863,16.273038008366278,0.6131056329161848,1015.5137342457298,0.3410044773404462,1,0,0,0,1,65.0,3,0.6,1,0.0,0.0,1,1
Lakshadweep,Lakshadweep,10.49939921718684,72.54228624865692,10,4,12,27.68277687071279,83.58168987814798,3.342232506091874,12.585348498867987,2.601352921007172,999.105792116535,0.340299024783108,1,0,0,0,2,65.0,3,0.6,1,0.0,0.0,1,1
